fixture id,Home team id,Home team name,Shots on Goal,Shots off Goal,Total Shots,Blocked Shots,Shots insidebox,Shots outsidebox,Fouls,Corner Kicks,Offsides,Ball Possession,Yellow Cards,Red Cards,Goalkeeper Saves,Total passes,Passes accurate,Passes %,expected_goals,,fixture id,away team id,away team name,Shots on Goal,Shots off Goal,Total Shots,Blocked Shots,Shots insidebox,Shots outsidebox,Fouls,Corner Kicks,Offsides,Ball Possession,Yellow Cards,Red Cards,Goalkeeper Saves,Total passes,Passes accurate,Passes %,expected_goals,,Match Number,fixture.id,fixture.date,teams.home.id,teams.home.name,teams.home.winner,teams.away.id,teams.away.name,teams.away.winner,goals.home,goals.away
867946,52,Crystal Palace,2,2,10,6,9,1,16,3,1,56%,1,0,1,562,487,87%,,,867946,42,Arsenal,2,4,10,4,8,2,11,5,2,44%,2,0,2,438,360,82%,,,0,867946,2022-08-05T19:00:00+00:00,52,Crystal Palace,FALSE,42,Arsenal,TRUE,0,2
867947,36,Fulham,3,2,9,4,7,2,7,4,4,33%,2,0,1,294,181,62%,,,867947,40,Liverpool,4,5,11,2,9,2,9,4,4,67%,0,0,1,612,473,77%,,,1,867947,2022-08-06T11:30:00+00:00,36,Fulham,DRAW,40,Liverpool,DRAW,2,2
867948,35,Bournemouth,3,2,7,2,6,1,18,5,1,34%,3,0,2,301,211,70%,,,867948,66,Aston Villa,2,7,15,6,4,11,16,5,4,66%,3,0,1,571,479,84%,,,2,867948,2022-08-06T14:00:00+00:00,35,Bournemouth,TRUE,66,Aston Villa,FALSE,2,0
867949,63,Leeds,4,5,12,3,7,5,13,6,0,40%,2,0,5,355,269,76%,,,867949,39,Wolves,6,6,15,3,8,7,9,4,1,60%,0,0,3,546,463,85%,,,3,867949,2022-08-06T14:00:00+00:00,63,Leeds,TRUE,39,Wolves,FALSE,2,1
867950,46,Leicester,5,6,14,3,5,9,6,5,2,55%,0,0,1,580,510,88%,,,867950,55,Brentford,3,4,8,1,5,3,5,6,2,45%,0,0,3,457,386,84%,,,4,867950,2022-08-07T13:00:00+00:00,46,Leicester,DRAW,55,Brentford,DRAW,2,2
867951,34,Newcastle,10,8,23,5,16,7,9,11,2,61%,0,0,0,469,379,81%,,,867951,65,Nottingham Forest,2,3,5,2,4,1,14,1,0,39%,3,0,7,294,207,70%,,,5,867951,2022-08-06T14:00:00+00:00,34,Newcastle,TRUE,65,Nottingham Forest,FALSE,2,0
867952,47,Tottenham,8,6,18,4,14,4,11,10,2,58%,3,0,1,554,471,85%,,,867952,41,Southampton,2,5,10,3,6,4,6,2,0,42%,0,0,5,410,337,82%,,,6,867952,2022-08-06T14:00:00+00:00,47,Tottenham,TRUE,41,Southampton,FALSE,4,1
867953,45,Everton,4,3,8,1,7,1,14,4,0,37%,3,0,5,335,246,73%,,,867953,49,Chelsea,6,3,15,6,11,4,11,16,2,63%,2,0,3,566,490,87%,,,7,867953,2022-08-06T16:30:00+00:00,45,Everton,FALSE,49,Chelsea,TRUE,0,1
867954,33,Manchester United,5,5,17,7,13,4,7,6,3,63%,4,0,2,548,452,82%,,,867954,51,Brighton,4,6,15,5,10,5,12,2,1,37%,1,0,5,326,229,70%,,,8,867954,2022-08-07T13:00:00+00:00,33,Manchester United,FALSE,51,Brighton,TRUE,1,2
867955,48,West Ham,1,2,6,3,5,1,8,1,4,25%,0,0,0,263,206,78%,,,867955,50,Manchester City,2,8,14,4,9,5,4,4,1,75%,1,0,1,833,774,93%,,,9,867955,2022-08-07T15:30:00+00:00,48,West Ham,FALSE,50,Manchester City,TRUE,0,2
867956,42,Arsenal,7,8,19,4,15,4,15,6,2,50%,1,0,1,462,386,84%,,,867956,46,Leicester,2,3,6,1,5,1,9,2,3,50%,1,0,4,472,383,81%,,,10,867956,2022-08-13T14:00:00+00:00,42,Arsenal,TRUE,46,Leicester,FALSE,4,2
867957,66,Aston Villa,4,4,12,4,10,2,9,5,2,58%,4,0,4,517,435,84%,,,867957,45,Everton,4,2,15,9,11,4,7,8,3,42%,1,0,1,378,291,77%,,,11,867957,2022-08-13T11:30:00+00:00,66,Aston Villa,TRUE,45,Everton,FALSE,2,1
867958,55,Brentford,7,3,13,3,7,6,6,8,1,33%,0,0,4,255,167,65%,,,867958,33,Manchester United,4,7,15,4,7,8,15,2,2,67%,4,0,3,525,444,85%,,,12,867958,2022-08-13T16:30:00+00:00,55,Brentford,TRUE,33,Manchester United,FALSE,4,0
867959,51,Brighton,7,3,13,3,8,5,8,7,1,55%,2,0,1,374,286,76%,,,867959,34,Newcastle,1,2,4,1,3,1,6,3,4,45%,3,0,5,314,230,73%,,,13,867959,2022-08-13T14:00:00+00:00,51,Brighton,DRAW,34,Newcastle,DRAW,0,0
867960,49,Chelsea,3,6,16,7,11,5,9,8,2,64%,3,0,3,597,512,86%,,,867960,47,Tottenham,5,2,10,3,8,2,9,5,1,36%,0,0,1,340,269,79%,,,14,867960,2022-08-14T15:30:00+00:00,49,Chelsea,DRAW,47,Tottenham,DRAW,2,2
867961,40,Liverpool,4,10,24,10,16,8,7,4,3,73%,2,1,2,741,645,87%,,,867961,52,Crystal Palace,3,4,7,0,5,2,8,2,2,27%,4,0,3,274,189,69%,,,15,867961,2022-08-15T19:00:00+00:00,40,Liverpool,DRAW,52,Crystal Palace,DRAW,1,1
867962,50,Manchester City,7,6,19,6,12,7,9,11,2,67%,0,0,1,696,649,93%,,,867962,35,Bournemouth,1,1,3,1,1,2,9,1,1,33%,3,0,4,353,288,82%,,,16,867962,2022-08-13T14:00:00+00:00,50,Manchester City,TRUE,35,Bournemouth,FALSE,4,0
867963,65,Nottingham Forest,6,4,13,3,10,3,10,6,3,43%,4,0,4,288,190,66%,,,867963,48,West Ham,5,8,19,6,10,9,11,7,2,57%,1,0,5,381,284,75%,,,17,867963,2022-08-14T13:00:00+00:00,65,Nottingham Forest,TRUE,48,West Ham,FALSE,1,0
867964,41,Southampton,4,7,14,3,9,5,10,2,1,43%,1,0,3,332,232,70%,,,867964,63,Leeds,5,4,13,4,11,2,12,5,1,57%,3,0,2,454,336,74%,,,18,867964,2022-08-13T14:00:00+00:00,41,Southampton,DRAW,63,Leeds,DRAW,2,2
867965,39,Wolves,1,5,7,1,4,3,7,5,1,60%,3,0,3,496,392,79%,,,867965,36,Fulham,3,5,9,1,8,1,14,3,0,40%,3,0,1,328,235,72%,,,19,867965,2022-08-13T14:00:00+00:00,39,Wolves,DRAW,36,Fulham,DRAW,0,0
867966,35,Bournemouth,1,5,6,0,4,2,12,3,1,42%,2,0,3,411,324,79%,,,867966,42,Arsenal,6,4,14,4,11,3,10,4,3,58%,1,0,1,580,517,89%,,,20,867966,2022-08-20T16:30:00+00:00,35,Bournemouth,FALSE,42,Arsenal,TRUE,0,3
867967,52,Crystal Palace,9,5,17,3,15,2,16,4,1,51%,2,0,4,448,378,84%,,,867967,66,Aston Villa,5,6,13,2,11,2,14,2,1,49%,1,0,6,428,348,81%,,,21,867967,2022-08-20T14:00:00+00:00,52,Crystal Palace,TRUE,66,Aston Villa,FALSE,3,1
867968,45,Everton,8,6,19,5,9,10,6,6,4,48%,3,0,4,413,320,77%,,,867968,65,Nottingham Forest,5,6,14,3,7,7,9,2,1,52%,2,0,7,444,326,73%,,,22,867968,2022-08-20T14:00:00+00:00,45,Everton,DRAW,65,Nottingham Forest,DRAW,1,1
867969,36,Fulham,9,4,18,5,13,5,13,6,5,44%,3,0,3,311,219,70%,,,867969,55,Brentford,5,4,13,4,11,2,7,3,7,56%,2,0,6,417,315,76%,,,23,867969,2022-08-20T14:00:00+00:00,36,Fulham,TRUE,55,Brentford,FALSE,3,2
867970,63,Leeds,6,4,12,2,9,3,16,4,1,39%,0,0,3,318,227,71%,,,867970,49,Chelsea,3,4,14,7,9,5,15,6,7,61%,3,1,3,494,405,82%,,,24,867970,2022-08-21T13:00:00+00:00,63,Leeds,TRUE,49,Chelsea,FALSE,3,0
867971,46,Leicester,1,3,6,2,4,2,11,2,0,62%,2,0,1,556,454,82%,,,867971,41,Southampton,3,5,9,1,6,3,15,5,1,38%,3,0,0,335,240,72%,,,25,867971,2022-08-20T14:00:00+00:00,46,Leicester,FALSE,41,Southampton,TRUE,1,2
867972,33,Manchester United,5,4,13,4,8,5,11,6,2,30%,3,0,5,273,180,66%,,,867972,40,Liverpool,5,7,17,5,15,2,7,8,2,70%,1,0,3,645,540,84%,,,26,867972,2022-08-22T19:00:00+00:00,33,Manchester United,TRUE,40,Liverpool,FALSE,2,1
867973,34,Newcastle,6,4,12,2,10,2,14,5,2,31%,4,0,7,275,185,67%,,,867973,50,Manchester City,10,4,21,7,14,7,7,5,1,69%,2,0,2,608,521,86%,,,27,867973,2022-08-21T15:30:00+00:00,34,Newcastle,DRAW,50,Manchester City,DRAW,3,3
867974,47,Tottenham,4,5,11,2,10,1,10,8,2,50%,2,0,3,472,411,87%,,,867974,39,Wolves,3,8,20,9,7,13,8,6,0,50%,2,0,3,477,399,84%,,,28,867974,2022-08-20T11:30:00+00:00,47,Tottenham,TRUE,39,Wolves,FALSE,1,0
867975,48,West Ham,3,3,13,7,8,5,10,5,3,50%,2,0,0,467,376,81%,,,867975,51,Brighton,2,5,11,4,9,2,7,4,1,50%,0,0,3,485,395,81%,,,29,867975,2022-08-21T13:00:00+00:00,48,West Ham,FALSE,51,Brighton,TRUE,0,2
867976,42,Arsenal,8,4,22,10,16,6,6,9,1,72%,2,0,2,595,509,86%,,,867976,36,Fulham,3,6,11,2,9,2,12,2,0,28%,3,0,6,223,138,62%,,,30,867976,2022-08-27T16:30:00+00:00,42,Arsenal,TRUE,36,Fulham,FALSE,2,1
867977,66,Aston Villa,3,4,9,2,5,4,10,3,2,58%,2,0,1,582,489,84%,,,867977,48,West Ham,2,3,7,2,1,6,10,2,1,42%,0,0,3,419,329,79%,,,31,867977,2022-08-28T13:00:00+00:00,66,Aston Villa,FALSE,48,West Ham,TRUE,0,1
867978,55,Brentford,5,10,20,5,14,6,8,8,0,58%,2,0,6,514,429,83%,,,867978,45,Everton,7,2,14,5,8,6,8,5,2,42%,2,0,4,385,302,78%,,,32,867978,2022-08-27T14:00:00+00:00,55,Brentford,DRAW,45,Everton,DRAW,1,1
867979,51,Brighton,4,8,13,1,11,2,10,5,2,43%,2,0,2,353,250,71%,,,867979,63,Leeds,2,3,10,5,7,3,14,3,1,57%,3,0,3,475,359,76%,,,33,867979,2022-08-27T14:00:00+00:00,51,Brighton,TRUE,63,Leeds,FALSE,1,0
867980,49,Chelsea,4,1,7,2,5,2,10,3,3,45%,3,1,4,446,372,83%,,,867980,46,Leicester,5,7,17,5,11,6,7,11,1,55%,2,0,2,524,456,87%,,,34,867980,2022-08-27T14:00:00+00:00,49,Chelsea,TRUE,46,Leicester,FALSE,2,1
867981,40,Liverpool,12,6,19,1,16,3,6,8,3,69%,0,0,2,681,589,86%,,,867981,35,Bournemouth,2,2,5,1,3,2,5,1,0,31%,1,0,4,303,211,70%,,,35,867981,2022-08-27T14:00:00+00:00,40,Liverpool,TRUE,35,Bournemouth,FALSE,9,0
867982,50,Manchester City,5,9,18,4,14,4,14,6,2,74%,1,0,1,770,702,91%,,,867982,52,Crystal Palace,2,0,2,0,1,1,8,1,1,26%,2,0,1,265,196,74%,,,36,867982,2022-08-27T14:00:00+00:00,50,Manchester City,TRUE,52,Crystal Palace,FALSE,4,2
867983,65,Nottingham Forest,1,9,17,7,9,8,11,6,1,55%,6,0,4,568,481,85%,,,867983,47,Tottenham,7,7,18,4,11,7,13,1,3,45%,1,0,1,462,372,81%,,,37,867983,2022-08-28T15:30:00+00:00,65,Nottingham Forest,FALSE,47,Tottenham,TRUE,0,2
867984,41,Southampton,5,10,17,2,14,3,4,5,1,48%,0,0,3,364,266,73%,,,867984,33,Manchester United,6,2,11,3,9,2,14,3,1,52%,3,0,4,404,299,74%,,,38,867984,2022-08-27T11:30:00+00:00,41,Southampton,FALSE,33,Manchester United,TRUE,0,1
867985,39,Wolves,4,2,10,4,5,5,10,4,3,36%,2,0,5,265,184,69%,,,867985,34,Newcastle,6,4,21,11,11,10,11,13,1,64%,1,0,3,458,376,82%,,,39,867985,2022-08-28T13:00:00+00:00,39,Wolves,DRAW,34,Newcastle,DRAW,1,1
867986,35,Bournemouth,2,2,5,1,4,1,12,2,0,34%,2,0,3,320,238,74%,,,867986,39,Wolves,4,9,17,4,11,6,12,5,3,66%,1,0,2,603,538,89%,,,40,867986,2022-08-31T18:30:00+00:00,35,Bournemouth,DRAW,39,Wolves,DRAW,0,0
867987,42,Arsenal,9,6,22,7,14,8,10,10,1,59%,2,0,2,504,428,85%,,,867987,66,Aston Villa,3,1,4,0,3,1,14,3,1,41%,3,0,6,352,271,77%,,,41,867987,2022-08-31T18:30:00+00:00,42,Arsenal,TRUE,66,Aston Villa,FALSE,2,1
867988,36,Fulham,3,7,10,0,7,3,9,3,0,39%,2,0,2,344,257,75%,,,867988,51,Brighton,4,3,7,0,6,1,11,3,2,61%,1,0,2,533,446,84%,,,42,867988,2022-08-30T18:30:00+00:00,36,Fulham,TRUE,51,Brighton,FALSE,2,1
867989,63,Leeds,5,8,14,1,10,4,10,10,2,69%,3,0,1,644,535,83%,,,867989,45,Everton,2,2,7,3,3,4,9,2,2,31%,3,0,4,292,203,70%,,,43,867989,2022-08-30T19:00:00+00:00,63,Leeds,DRAW,45,Everton,DRAW,1,1
867990,46,Leicester,2,5,10,3,2,8,7,1,0,54%,1,0,1,595,487,82%,,,867990,33,Manchester United,2,5,9,2,7,2,15,3,2,46%,3,0,2,513,400,78%,,,44,867990,2022-09-01T19:00:00+00:00,46,Leicester,FALSE,33,Manchester United,TRUE,0,1
867991,48,West Ham,4,8,14,2,9,5,10,3,1,38%,2,0,3,369,307,83%,,,867991,47,Tottenham,3,2,12,7,8,4,10,4,0,62%,5,0,3,621,555,89%,,,45,867991,2022-08-31T18:45:00+00:00,48,West Ham,DRAW,47,Tottenham,DRAW,1,1
867992,52,Crystal Palace,4,6,13,3,7,6,11,4,1,49%,1,0,2,472,383,81%,,,867992,55,Brentford,3,5,9,1,8,1,8,6,0,51%,2,0,3,482,386,80%,,,46,867992,2022-08-30T18:30:00+00:00,52,Crystal Palace,DRAW,55,Brentford,DRAW,1,1
867993,41,Southampton,7,2,9,2,4,5,15,5,0,32%,2,0,3,259,158,61%,,,867993,49,Chelsea,4,2,10,4,8,2,10,3,3,68%,1,0,3,561,460,82%,,,47,867993,2022-08-30T18:45:00+00:00,41,Southampton,TRUE,49,Chelsea,FALSE,2,1
867994,40,Liverpool,6,8,23,9,16,7,9,13,2,72%,0,0,1,625,523,84%,,,867994,34,Newcastle,2,3,5,0,2,3,10,0,2,28%,2,0,4,256,163,64%,,,48,867994,2022-08-31T19:00:00+00:00,40,Liverpool,TRUE,34,Newcastle,FALSE,2,1
867995,50,Manchester City,9,6,17,2,12,5,9,10,2,75%,0,0,1,785,720,92%,,,867995,65,Nottingham Forest,1,4,8,3,4,4,7,1,2,25%,1,0,3,261,192,74%,,,49,867995,2022-08-31T18:30:00+00:00,50,Manchester City,TRUE,65,Nottingham Forest,FALSE,6,0
867996,66,Aston Villa,1,1,3,1,2,1,7,1,5,28%,2,0,3,287,203,71%,,,867996,50,Manchester City,4,5,13,4,8,5,6,4,3,72%,0,0,0,763,673,88%,,,50,867996,2022-09-03T16:30:00+00:00,66,Aston Villa,DRAW,50,Manchester City,DRAW,1,1
867997,55,Brentford,8,5,14,1,10,4,8,2,1,31%,2,0,4,218,141,65%,,,867997,63,Leeds,6,7,17,4,9,8,9,6,1,69%,2,0,3,488,402,82%,,,51,867997,2022-09-03T14:00:00+00:00,55,Brentford,TRUE,63,Leeds,FALSE,5,2
867998,51,Brighton,11,5,23,7,12,11,6,10,2,54%,1,0,2,493,421,85%,,,867998,46,Leicester,4,1,6,1,5,1,8,1,3,46%,1,0,7,436,360,83%,,,52,867998,2022-09-04T13:00:00+00:00,51,Brighton,TRUE,46,Leicester,FALSE,5,2
867999,49,Chelsea,3,2,8,3,5,3,6,10,1,68%,4,0,2,661,577,87%,,,867999,48,West Ham,3,2,6,1,3,3,11,3,1,32%,2,0,1,308,232,75%,,,53,867999,2022-09-03T14:00:00+00:00,49,Chelsea,TRUE,48,West Ham,FALSE,2,1
868000,45,Everton,3,6,14,5,11,3,7,7,3,39%,2,0,8,302,217,72%,,,868000,40,Liverpool,8,9,23,6,20,3,11,9,2,61%,2,0,4,469,380,81%,,,54,868000,2022-09-03T11:30:00+00:00,45,Everton,DRAW,40,Liverpool,DRAW,0,0
868001,33,Manchester United,6,3,10,1,7,3,13,2,4,40%,3,0,2,310,242,78%,,,868001,42,Arsenal,3,8,16,5,9,7,9,5,0,60%,3,0,3,465,388,83%,,,55,868001,2022-09-04T15:30:00+00:00,33,Manchester United,TRUE,42,Arsenal,FALSE,3,1
868002,34,Newcastle,6,7,23,10,20,3,19,13,2,52%,2,0,9,359,283,79%,,,868002,52,Crystal Palace,9,4,19,6,8,11,12,5,1,48%,2,0,5,362,282,78%,,,56,868002,2022-09-03T14:00:00+00:00,34,Newcastle,DRAW,52,Crystal Palace,DRAW,0,0
868003,65,Nottingham Forest,3,3,11,5,8,3,13,4,1,53%,2,0,0,486,402,83%,,,868003,35,Bournemouth,3,2,8,3,6,2,10,6,1,47%,1,0,1,442,359,81%,,,57,868003,2022-09-03T14:00:00+00:00,65,Nottingham Forest,FALSE,35,Bournemouth,TRUE,2,3
868004,47,Tottenham,10,7,23,6,17,6,9,10,3,52%,3,0,2,475,418,88%,,,868004,36,Fulham,3,5,9,1,6,3,6,3,0,48%,4,0,8,433,371,86%,,,58,868004,2022-09-03T14:00:00+00:00,47,Tottenham,TRUE,36,Fulham,FALSE,2,1
868005,39,Wolves,2,4,7,1,6,1,10,5,1,51%,4,0,1,432,349,81%,,,868005,41,Southampton,1,7,12,4,7,5,14,6,0,49%,2,0,1,406,317,78%,,,59,868005,2022-09-03T14:00:00+00:00,39,Wolves,TRUE,41,Southampton,FALSE,1,0
868006,35,Bournemouth,3,6,14,5,10,4,11,5,1,37%,1,0,4,344,269,78%,1.74,4.41,868006,51,Brighton,6,9,16,1,10,6,5,5,0,63%,1,0,3,626,545,87%,2.67,,60,868006,2023-04-04T18:45:00+00:00,35,Bournemouth,FALSE,51,Brighton,TRUE,0,2
868007,42,Arsenal,5,5,15,5,14,1,5,5,4,73%,0,0,5,748,655,88%,2.65,3.82,868007,45,Everton,5,2,8,1,5,3,12,1,2,27%,2,0,1,274,185,68%,1.17,,61,868007,2023-03-01T19:45:00+00:00,42,Arsenal,TRUE,45,Everton,FALSE,4,0
868008,52,Crystal Palace,5,3,10,2,5,5,9,3,0,39%,1,0,3,399,294,74%,0.53,2.61,868008,33,Manchester United,4,8,15,3,8,7,10,3,0,61%,2,0,4,626,509,81%,2.08,,62,868008,2023-01-18T20:00:00+00:00,52,Crystal Palace,DRAW,33,Manchester United,DRAW,1,1
868009,36,Fulham,3,3,8,2,6,2,12,5,3,48%,4,0,9,451,364,81%,,,868009,49,Chelsea,10,3,20,7,14,6,16,7,3,52%,3,1,1,496,404,81%,,,63,868009,2023-01-12T20:00:00+00:00,36,Fulham,TRUE,49,Chelsea,FALSE,2,1
868010,63,Leeds,6,6,21,9,13,8,11,11,3,62%,1,0,0,494,401,81%,1.86,2.66,868010,65,Nottingham Forest,1,4,13,8,9,4,13,4,3,38%,4,0,4,296,198,67%,0.8,,64,868010,2023-04-04T18:45:00+00:00,63,Leeds,TRUE,65,Nottingham Forest,FALSE,2,1
868011,46,Leicester,4,4,9,1,6,3,10,4,2,36%,4,1,3,290,216,74%,0.47,1.49,868011,66,Aston Villa,5,5,15,5,7,8,14,8,1,64%,0,0,3,534,471,88%,1.02,,65,868011,2023-04-04T18:45:00+00:00,46,Leicester,FALSE,66,Aston Villa,TRUE,1,2
868012,40,Liverpool,6,6,15,3,12,3,13,5,1,57%,2,0,1,528,439,83%,2.61,3.53,868012,39,Wolves,1,2,4,1,4,0,14,2,3,43%,3,0,4,402,322,80%,0.92,,66,868012,2023-03-01T20:00:00+00:00,40,Liverpool,TRUE,39,Wolves,FALSE,2,0
868013,50,Manchester City,6,5,16,5,10,6,10,8,0,58%,1,0,1,583,511,88%,2.37,3.18,868013,47,Tottenham,3,4,9,2,6,3,14,3,1,42%,2,0,2,424,352,83%,0.81,,67,868013,2023-01-19T20:00:00+00:00,50,Manchester City,TRUE,47,Tottenham,FALSE,4,2
868014,41,Southampton,1,3,7,3,3,4,14,3,1,66%,1,0,2,563,464,82%,0.52,2.4,868014,55,Brentford,5,2,11,4,7,4,10,3,1,34%,2,0,0,289,186,64%,1.88,,68,868014,2023-03-15T19:30:00+00:00,41,Southampton,FALSE,55,Brentford,TRUE,0,2
868015,48,West Ham,2,3,7,2,2,5,11,7,0,42%,2,0,2,348,256,74%,0.98,4.27,868015,34,Newcastle,8,5,15,2,10,5,12,6,0,58%,1,0,1,492,397,81%,3.29,,69,868015,2023-04-05T19:00:00+00:00,48,West Ham,FALSE,34,Newcastle,TRUE,1,5
868016,66,Aston Villa,3,3,11,5,6,5,13,6,1,53%,3,0,1,420,312,74%,,,868016,41,Southampton,1,3,7,3,3,4,13,3,0,47%,1,0,2,376,277,74%,,,70,868016,2022-09-16T19:00:00+00:00,66,Aston Villa,TRUE,41,Southampton,FALSE,1,0
868017,55,Brentford,2,3,5,0,4,1,10,3,3,36%,0,0,4,321,238,74%,,,868017,42,Arsenal,7,4,13,2,8,5,10,3,1,64%,2,0,2,592,509,86%,,,71,868017,2022-09-18T11:00:00+00:00,55,Brentford,FALSE,42,Arsenal,TRUE,0,3
868018,51,Brighton,5,5,11,1,6,5,13,1,2,57%,1,0,3,579,488,84%,0.6,1.8,868018,52,Crystal Palace,3,6,11,2,6,5,20,4,0,43%,2,0,4,430,345,80%,1.2,,72,868018,2023-03-15T19:30:00+00:00,51,Brighton,TRUE,52,Crystal Palace,FALSE,1,0
868019,49,Chelsea,3,7,12,2,9,3,6,3,4,50%,1,0,3,522,437,84%,2.17,2.52,868019,40,Liverpool,4,3,7,3,2,5,17,5,3,50%,4,0,2,537,449,84%,0.35,,73,868019,2023-04-04T19:00:00+00:00,49,Chelsea,DRAW,40,Liverpool,DRAW,0,0
868020,45,Everton,2,4,7,1,3,4,8,5,1,54%,3,0,4,464,385,83%,,,868020,48,West Ham,4,3,14,7,12,2,11,14,1,46%,1,0,1,388,309,80%,,,74,868020,2022-09-18T13:15:00+00:00,45,Everton,TRUE,48,West Ham,FALSE,1,0
868021,33,Manchester United,7,9,24,8,16,8,7,6,1,66%,1,0,1,615,498,81%,2.04,2.67,868021,63,Leeds,2,4,8,2,4,4,11,5,0,34%,3,0,5,326,210,64%,0.63,,75,868021,2023-02-08T20:00:00+00:00,33,Manchester United,DRAW,63,Leeds,DRAW,2,2
868022,34,Newcastle,7,8,20,5,13,7,10,8,3,72%,2,0,2,643,556,86%,,,868022,35,Bournemouth,3,5,10,2,5,5,11,1,1,28%,2,0,6,245,165,67%,,,76,868022,2022-09-17T14:00:00+00:00,34,Newcastle,DRAW,35,Bournemouth,DRAW,1,1
868023,65,Nottingham Forest,3,5,11,3,7,4,11,2,2,41%,2,0,4,375,279,74%,,,868023,36,Fulham,7,3,15,5,10,5,10,10,1,59%,4,0,1,555,460,83%,,,77,868023,2022-09-16T19:00:00+00:00,65,Nottingham Forest,FALSE,36,Fulham,TRUE,2,3
868024,47,Tottenham,11,2,16,3,10,6,9,6,1,44%,1,0,5,482,403,84%,,,868024,46,Leicester,7,7,19,5,8,11,9,1,0,56%,2,0,5,632,552,87%,,,78,868024,2022-09-17T16:30:00+00:00,47,Tottenham,TRUE,46,Leicester,FALSE,6,2
868025,39,Wolves,1,4,6,1,3,3,7,5,0,41%,2,1,4,422,353,84%,,,868025,50,Manchester City,7,5,16,4,6,10,9,7,1,59%,1,0,1,622,563,91%,,,79,868025,2022-09-17T11:30:00+00:00,39,Wolves,FALSE,50,Manchester City,TRUE,0,3
868026,35,Bournemouth,1,4,7,2,5,2,11,7,1,42%,1,0,4,375,297,79%,,,868026,55,Brentford,4,5,13,4,10,3,10,8,2,58%,2,0,0,530,440,83%,,,80,868026,2022-10-01T14:00:00+00:00,35,Bournemouth,DRAW,55,Brentford,DRAW,0,0
868027,42,Arsenal,9,9,22,4,11,11,10,5,1,65%,2,0,2,565,511,90%,,,868027,47,Tottenham,3,2,7,2,4,3,10,2,3,35%,1,1,6,307,240,78%,,,81,868027,2022-10-01T11:30:00+00:00,42,Arsenal,TRUE,47,Tottenham,FALSE,3,1
868028,52,Crystal Palace,3,4,7,0,4,3,11,5,1,36%,1,0,1,348,271,78%,,,868028,49,Chelsea,3,7,13,3,10,3,13,2,0,64%,3,0,2,635,559,88%,,,82,868028,2022-10-01T14:00:00+00:00,52,Crystal Palace,FALSE,49,Chelsea,TRUE,1,2
868029,36,Fulham,1,1,3,1,2,1,9,1,4,32%,2,1,6,281,190,68%,,,868029,34,Newcastle,10,4,19,5,16,3,10,8,7,68%,0,0,0,605,530,88%,,,83,868029,2022-10-01T14:00:00+00:00,36,Fulham,FALSE,34,Newcastle,TRUE,1,4
868030,63,Leeds,1,2,6,3,4,2,23,2,0,44%,5,1,6,375,270,72%,,,868030,66,Aston Villa,7,8,19,4,12,7,12,9,2,56%,2,0,1,479,370,77%,,,84,868030,2022-10-02T15:30:00+00:00,63,Leeds,DRAW,66,Aston Villa,DRAW,0,0
868031,46,Leicester,7,7,17,3,10,7,13,6,3,52%,2,0,3,492,416,85%,,,868031,65,Nottingham Forest,3,5,10,2,8,2,12,6,4,48%,4,0,4,464,362,78%,,,85,868031,2022-10-03T19:00:00+00:00,46,Leicester,TRUE,65,Nottingham Forest,FALSE,4,0
868032,40,Liverpool,7,6,15,2,12,3,9,9,1,54%,1,0,3,530,432,82%,,,868032,51,Brighton,6,0,6,0,6,0,13,2,0,46%,1,0,5,460,359,78%,,,86,868032,2022-10-01T14:00:00+00:00,40,Liverpool,DRAW,51,Brighton,DRAW,3,3
868033,50,Manchester City,10,6,22,6,17,5,3,5,1,54%,0,0,5,551,485,88%,,,868033,33,Manchester United,8,1,12,3,6,6,9,1,0,46%,3,0,3,476,408,86%,,,87,868033,2022-10-02T13:00:00+00:00,50,Manchester City,TRUE,33,Manchester United,FALSE,6,3
868034,41,Southampton,6,9,22,7,15,7,11,7,0,54%,2,0,3,445,362,81%,,,868034,45,Everton,5,4,12,3,6,6,10,6,1,46%,2,0,5,380,295,78%,,,88,868034,2022-10-01T14:00:00+00:00,41,Southampton,FALSE,45,Everton,TRUE,1,2
868035,48,West Ham,5,5,18,8,10,8,8,1,2,39%,2,0,4,372,301,81%,,,868035,39,Wolves,4,7,15,4,5,10,6,6,1,61%,2,0,3,564,492,87%,,,89,868035,2022-10-01T16:30:00+00:00,48,West Ham,TRUE,39,Wolves,FALSE,2,0
868036,35,Bournemouth,4,2,10,4,8,2,8,7,3,44%,1,0,4,424,359,85%,,,868036,46,Leicester,5,2,9,2,8,1,16,2,0,56%,2,0,2,551,475,86%,,,90,868036,2022-10-08T14:00:00+00:00,35,Bournemouth,TRUE,46,Leicester,FALSE,2,1
868037,42,Arsenal,7,1,11,3,10,1,11,4,3,44%,1,0,2,386,302,78%,,,868037,40,Liverpool,3,2,8,3,5,3,11,3,6,56%,2,0,4,488,395,81%,,,91,868037,2022-10-09T15:30:00+00:00,42,Arsenal,TRUE,40,Liverpool,FALSE,3,2
868038,51,Brighton,4,5,14,5,8,6,9,6,2,59%,1,0,2,694,610,88%,,,868038,47,Tottenham,3,4,8,1,4,4,14,2,3,41%,2,0,4,489,398,81%,,,92,868038,2022-10-08T16:30:00+00:00,51,Brighton,FALSE,47,Tottenham,TRUE,0,1
868039,49,Chelsea,7,10,20,3,17,3,8,4,3,57%,2,0,2,591,518,88%,,,868039,39,Wolves,2,5,8,1,6,2,8,2,0,43%,0,0,4,431,360,84%,,,93,868039,2022-10-08T14:00:00+00:00,49,Chelsea,TRUE,39,Wolves,FALSE,3,0
868040,52,Crystal Palace,5,5,13,3,10,3,13,5,2,55%,3,0,3,418,321,77%,,,868040,63,Leeds,4,2,10,4,7,3,23,3,2,45%,3,0,3,345,222,64%,,,94,868040,2022-10-09T13:00:00+00:00,52,Crystal Palace,TRUE,63,Leeds,FALSE,2,1
868041,45,Everton,2,3,11,6,7,4,7,5,1,40%,2,0,2,375,295,79%,,,868041,33,Manchester United,4,5,12,3,5,7,13,4,4,60%,1,0,1,609,510,84%,,,95,868041,2022-10-09T18:00:00+00:00,45,Everton,FALSE,33,Manchester United,TRUE,1,2
868042,50,Manchester City,8,9,21,4,20,1,4,9,1,65%,0,0,0,744,666,90%,,,868042,41,Southampton,2,3,5,2,0,5,8,1,1,35%,1,0,4,393,317,81%,,,96,868042,2022-10-08T14:00:00+00:00,50,Manchester City,TRUE,41,Southampton,FALSE,4,0
868043,34,Newcastle,6,4,16,6,10,6,14,9,1,54%,0,0,2,389,309,79%,,,868043,55,Brentford,3,1,6,2,5,1,9,5,3,46%,1,0,2,320,239,75%,,,97,868043,2022-10-08T14:00:00+00:00,34,Newcastle,TRUE,55,Brentford,FALSE,5,1
868044,65,Nottingham Forest,3,1,6,2,2,4,13,1,0,40%,3,0,1,333,246,74%,,,868044,66,Aston Villa,2,2,12,8,6,6,19,4,3,60%,3,0,2,506,436,86%,,,98,868044,2022-10-10T19:00:00+00:00,65,Nottingham Forest,DRAW,66,Aston Villa,DRAW,1,1
868045,48,West Ham,8,4,17,5,13,4,9,4,1,50%,1,0,1,485,400,82%,,,868045,36,Fulham,2,4,8,2,6,2,7,2,2,50%,3,0,5,486,400,82%,,,99,868045,2022-10-09T13:00:00+00:00,48,West Ham,TRUE,36,Fulham,FALSE,3,1
868046,66,Aston Villa,7,7,18,4,13,5,12,7,3,41%,0,0,2,353,283,80%,,,868046,49,Chelsea,4,3,8,1,6,2,11,1,1,59%,3,0,7,548,468,85%,,,100,868046,2022-10-16T13:00:00+00:00,66,Aston Villa,FALSE,49,Chelsea,TRUE,0,2
868047,55,Brentford,3,4,7,0,6,1,12,2,0,28%,3,0,7,235,157,67%,,,868047,51,Brighton,7,4,21,10,14,7,15,11,3,72%,1,0,0,611,520,85%,,,101,868047,2022-10-14T19:00:00+00:00,55,Brentford,TRUE,51,Brighton,FALSE,2,0
868048,36,Fulham,4,8,19,7,12,7,9,5,1,69%,2,0,4,585,496,85%,,,868048,35,Bournemouth,6,4,10,0,8,2,11,6,0,31%,0,0,2,268,187,70%,,,102,868048,2022-10-15T14:00:00+00:00,36,Fulham,DRAW,35,Bournemouth,DRAW,2,2
868049,63,Leeds,4,5,16,7,9,7,10,6,4,47%,0,0,3,428,334,78%,,,868049,42,Arsenal,4,2,9,3,6,3,11,3,0,53%,2,0,4,500,415,83%,,,103,868049,2022-10-16T13:00:00+00:00,63,Leeds,FALSE,42,Arsenal,TRUE,0,1
868050,46,Leicester,5,5,14,4,8,6,18,9,2,53%,2,0,1,579,493,85%,,,868050,52,Crystal Palace,1,5,8,2,2,6,13,2,1,47%,2,0,6,514,426,83%,,,104,868050,2022-10-15T11:30:00+00:00,46,Leicester,DRAW,52,Crystal Palace,DRAW,0,0
868051,40,Liverpool,2,8,13,3,8,5,10,5,3,37%,3,0,6,407,313,77%,,,868051,50,Manchester City,6,4,16,6,10,6,7,6,0,63%,1,0,1,702,616,88%,,,105,868051,2022-10-16T15:30:00+00:00,40,Liverpool,TRUE,50,Manchester City,FALSE,1,0
868052,33,Manchester United,2,8,15,5,7,8,13,4,2,63%,3,0,2,512,415,81%,,,868052,34,Newcastle,2,5,9,2,6,3,11,4,0,37%,1,0,2,301,217,72%,,,106,868052,2022-10-16T13:00:00+00:00,33,Manchester United,DRAW,34,Newcastle,DRAW,0,0
868053,41,Southampton,8,1,10,1,5,5,7,4,1,39%,1,0,3,323,234,72%,,,868053,48,West Ham,4,9,25,12,16,9,3,14,0,61%,1,0,7,488,391,80%,,,107,868053,2022-10-16T13:00:00+00:00,41,Southampton,DRAW,48,West Ham,DRAW,1,1
868054,47,Tottenham,7,6,21,8,15,6,12,7,0,62%,1,0,0,583,515,88%,,,868054,45,Everton,1,3,4,1,3,1,13,1,0,38%,4,0,5,367,300,82%,,,108,868054,2022-10-15T16:30:00+00:00,47,Tottenham,TRUE,45,Everton,FALSE,2,0
868055,39,Wolves,2,5,9,2,8,1,17,4,2,58%,2,0,2,435,355,82%,,,868055,65,Nottingham Forest,2,6,10,2,6,4,13,5,1,42%,2,0,1,313,225,72%,,,109,868055,2022-10-15T14:00:00+00:00,39,Wolves,TRUE,65,Nottingham Forest,FALSE,1,0
868056,35,Bournemouth,3,8,15,4,10,5,8,7,2,54%,1,0,2,529,433,82%,,,868056,41,Southampton,3,2,9,4,7,2,13,3,0,46%,3,0,3,464,376,81%,,,110,868056,2022-10-19T18:30:00+00:00,35,Bournemouth,FALSE,41,Southampton,TRUE,0,1
868057,42,Arsenal,1,4,10,5,7,3,11,1,0,64%,2,0,2,524,435,83%,1.64,3.44,868057,50,Manchester City,6,1,9,2,8,1,15,2,3,36%,4,0,0,303,219,72%,1.8,,111,868057,2023-02-15T19:30:00+00:00,42,Arsenal,FALSE,50,Manchester City,TRUE,1,3
868058,55,Brentford,5,2,8,1,7,1,7,6,2,34%,0,0,5,317,222,70%,,,868058,49,Chelsea,5,3,14,6,4,10,7,2,0,66%,0,0,5,656,559,85%,,,112,868058,2022-10-19T18:30:00+00:00,55,Brentford,DRAW,49,Chelsea,DRAW,0,0
868059,51,Brighton,7,7,19,5,14,5,10,9,1,70%,3,0,0,623,541,87%,,,868059,65,Nottingham Forest,0,3,3,0,3,0,14,1,0,30%,1,0,7,260,176,68%,,,113,868059,2022-10-18T18:30:00+00:00,51,Brighton,DRAW,65,Nottingham Forest,DRAW,0,0
868060,36,Fulham,8,5,18,5,13,5,11,9,0,60%,0,0,6,482,413,86%,,,868060,66,Aston Villa,6,3,12,3,9,3,11,7,3,40%,2,1,5,311,241,77%,,,114,868060,2022-10-20T18:30:00+00:00,36,Fulham,TRUE,66,Aston Villa,FALSE,3,0
868061,46,Leicester,1,1,5,3,4,1,15,2,4,47%,2,0,2,461,361,78%,,,868061,63,Leeds,2,8,14,4,7,7,11,9,2,53%,1,0,0,518,406,78%,,,115,868061,2022-10-20T19:15:00+00:00,46,Leicester,TRUE,63,Leeds,FALSE,2,0
868062,52,Crystal Palace,4,5,14,5,9,5,14,4,0,51%,3,0,3,449,370,82%,,,868062,39,Wolves,4,5,10,1,7,3,18,2,4,49%,1,0,2,428,340,79%,,,116,868062,2022-10-18T19:15:00+00:00,52,Crystal Palace,TRUE,39,Wolves,FALSE,2,1
868063,34,Newcastle,4,9,16,3,11,5,9,8,0,50%,2,0,0,392,301,77%,,,868063,45,Everton,0,1,1,0,1,0,12,2,3,50%,4,0,3,412,314,76%,,,117,868063,2022-10-19T18:30:00+00:00,34,Newcastle,TRUE,45,Everton,FALSE,1,0
868064,40,Liverpool,7,8,22,7,15,7,9,8,1,54%,0,0,3,600,511,85%,,,868064,48,West Ham,3,4,8,1,7,1,8,3,0,46%,0,0,6,510,412,81%,,,118,868064,2022-10-19T18:30:00+00:00,40,Liverpool,TRUE,48,West Ham,FALSE,1,0
868065,33,Manchester United,10,9,28,9,13,15,7,8,4,52%,1,0,2,583,498,85%,,,868065,47,Tottenham,2,5,9,2,7,2,7,3,0,48%,0,0,8,528,445,84%,,,119,868065,2022-10-19T19:15:00+00:00,33,Manchester United,TRUE,47,Tottenham,FALSE,2,0
868066,66,Aston Villa,11,3,19,5,12,7,14,7,0,45%,1,0,3,329,247,75%,,,868066,55,Brentford,3,5,12,4,8,4,11,6,1,55%,0,0,7,397,302,76%,,,120,868066,2022-10-23T13:00:00+00:00,66,Aston Villa,TRUE,55,Brentford,FALSE,4,0
868067,49,Chelsea,2,3,6,1,4,2,8,6,2,48%,1,0,5,414,323,78%,,,868067,33,Manchester United,6,6,13,1,6,7,10,4,3,52%,4,0,1,464,360,78%,,,121,868067,2022-10-22T16:30:00+00:00,49,Chelsea,DRAW,33,Manchester United,DRAW,1,1
868068,45,Everton,6,1,9,2,5,4,16,3,1,46%,3,0,2,382,313,82%,,,868068,52,Crystal Palace,2,4,9,3,5,4,14,4,2,54%,4,0,3,456,387,85%,,,122,868068,2022-10-22T14:00:00+00:00,45,Everton,TRUE,52,Crystal Palace,FALSE,3,0
868069,63,Leeds,5,4,14,5,9,5,12,3,4,57%,1,0,1,488,390,80%,,,868069,36,Fulham,5,3,11,3,10,1,8,6,4,43%,1,0,3,355,255,72%,,,123,868069,2022-10-23T13:00:00+00:00,63,Leeds,FALSE,36,Fulham,TRUE,2,3
868070,50,Manchester City,4,3,10,3,9,1,11,6,0,48%,1,0,1,446,368,83%,,,868070,51,Brighton,2,3,8,3,5,3,12,3,4,52%,3,0,1,471,398,85%,,,124,868070,2022-10-22T14:00:00+00:00,50,Manchester City,TRUE,51,Brighton,FALSE,3,1
868071,65,Nottingham Forest,7,1,10,2,6,4,14,2,3,25%,2,0,7,227,145,64%,,,868071,40,Liverpool,7,7,15,1,14,1,8,11,0,75%,1,0,6,691,595,86%,,,125,868071,2022-10-22T11:30:00+00:00,65,Nottingham Forest,TRUE,40,Liverpool,FALSE,1,0
868072,41,Southampton,3,3,10,4,5,5,11,9,4,41%,2,0,2,358,288,80%,,,868072,42,Arsenal,3,4,12,5,7,5,8,4,3,59%,1,0,2,541,466,86%,,,126,868072,2022-10-23T13:00:00+00:00,41,Southampton,DRAW,42,Arsenal,DRAW,1,1
868073,47,Tottenham,5,4,17,8,10,7,12,6,3,52%,4,0,3,457,361,79%,,,868073,34,Newcastle,5,3,13,5,9,4,6,7,4,48%,2,0,3,409,332,81%,,,127,868073,2022-10-23T15:30:00+00:00,47,Tottenham,FALSE,34,Newcastle,TRUE,1,2
868074,48,West Ham,4,8,20,8,11,9,9,5,1,54%,0,0,3,497,421,85%,,,868074,35,Bournemouth,3,2,5,0,4,1,11,0,0,46%,2,0,2,432,359,83%,,,128,868074,2022-10-24T19:00:00+00:00,48,West Ham,TRUE,35,Bournemouth,FALSE,2,0
868075,39,Wolves,6,7,21,8,15,6,10,9,3,61%,2,0,0,537,458,85%,,,868075,46,Leicester,4,1,5,0,4,1,12,2,3,39%,1,0,5,347,252,73%,,,129,868075,2022-10-23T13:00:00+00:00,39,Wolves,FALSE,46,Leicester,TRUE,0,4
868076,35,Bournemouth,4,2,6,0,5,1,10,2,0,31%,1,0,4,292,223,76%,,,868076,47,Tottenham,7,10,23,6,16,7,5,19,3,69%,2,0,2,631,567,90%,,,130,868076,2022-10-29T14:00:00+00:00,35,Bournemouth,FALSE,47,Tottenham,TRUE,2,3
868077,42,Arsenal,10,5,24,9,18,6,9,9,1,69%,0,0,2,618,551,89%,,,868077,65,Nottingham Forest,2,2,5,1,2,3,8,4,2,31%,1,0,4,275,207,75%,,,131,868077,2022-10-30T14:00:00+00:00,42,Arsenal,TRUE,65,Nottingham Forest,FALSE,5,0
868078,55,Brentford,3,6,12,3,8,4,10,3,0,58%,3,0,3,419,337,80%,,,868078,39,Wolves,4,6,13,3,6,7,17,6,1,42%,3,1,2,304,229,75%,,,132,868078,2022-10-29T14:00:00+00:00,55,Brentford,DRAW,39,Wolves,DRAW,1,1
868079,51,Brighton,9,7,19,3,15,4,16,8,0,41%,1,0,7,349,276,79%,,,868079,49,Chelsea,7,5,15,3,9,6,6,7,0,59%,2,0,5,513,441,86%,,,133,868079,2022-10-29T14:00:00+00:00,51,Brighton,TRUE,49,Chelsea,FALSE,4,1
868080,52,Crystal Palace,3,4,12,5,4,8,13,8,5,44%,3,0,4,402,290,72%,,,868080,41,Southampton,4,6,14,4,10,4,12,4,3,56%,3,0,2,497,404,81%,,,134,868080,2022-10-29T14:00:00+00:00,52,Crystal Palace,TRUE,41,Southampton,FALSE,1,0
868081,36,Fulham,6,10,24,8,17,7,10,13,0,57%,2,0,4,463,386,83%,,,868081,45,Everton,4,3,9,2,9,0,8,4,5,43%,1,0,6,370,295,80%,,,135,868081,2022-10-29T16:30:00+00:00,36,Fulham,DRAW,45,Everton,DRAW,0,0
868082,46,Leicester,5,4,10,1,8,2,5,3,0,36%,0,0,4,385,309,80%,,,868082,50,Manchester City,5,6,15,4,7,8,10,10,2,64%,0,0,5,691,622,90%,,,136,868082,2022-10-29T11:30:00+00:00,46,Leicester,FALSE,50,Manchester City,TRUE,0,1
868083,40,Liverpool,10,8,22,4,15,7,9,14,0,69%,0,0,4,679,554,82%,,,868083,63,Leeds,6,6,14,2,8,6,3,4,0,31%,1,0,9,304,192,63%,,,137,868083,2022-10-29T18:45:00+00:00,40,Liverpool,FALSE,63,Leeds,TRUE,1,2
868084,33,Manchester United,3,7,16,6,11,5,12,5,1,53%,1,0,4,490,405,83%,,,868084,48,West Ham,5,2,13,6,4,9,10,10,2,47%,3,0,2,412,341,83%,,,138,868084,2022-10-30T16:15:00+00:00,33,Manchester United,TRUE,48,West Ham,FALSE,1,0
868085,34,Newcastle,7,10,20,3,16,4,11,3,2,60%,1,0,0,520,410,79%,,,868085,66,Aston Villa,3,0,3,3,3,0,11,0,3,40%,1,0,3,356,263,74%,,,139,868085,2022-10-29T14:00:00+00:00,34,Newcastle,TRUE,66,Aston Villa,FALSE,4,0
868086,66,Aston Villa,4,2,6,0,3,3,6,3,0,42%,3,0,3,401,335,84%,,,868086,33,Manchester United,3,2,8,3,4,4,12,5,3,58%,3,0,1,543,463,85%,,,140,868086,2022-11-06T14:00:00+00:00,66,Aston Villa,TRUE,33,Manchester United,FALSE,3,1
868087,49,Chelsea,1,1,5,3,4,1,19,4,3,44%,5,0,1,360,264,73%,,,868087,42,Arsenal,2,9,14,3,10,4,13,6,0,56%,2,0,1,452,371,82%,,,141,868087,2022-11-06T12:00:00+00:00,49,Chelsea,FALSE,42,Arsenal,TRUE,0,1
868088,45,Everton,2,5,12,5,11,1,9,8,0,48%,0,0,6,482,388,80%,,,868088,46,Leicester,8,7,22,7,15,7,5,3,1,52%,0,0,2,527,450,85%,,,142,868088,2022-11-05T17:30:00+00:00,45,Everton,FALSE,46,Leicester,TRUE,0,2
868089,63,Leeds,4,6,18,8,15,3,16,13,0,61%,2,0,2,443,362,82%,,,868089,35,Bournemouth,6,2,9,1,8,1,10,3,0,39%,2,0,0,290,212,73%,,,143,868089,2022-11-05T15:00:00+00:00,63,Leeds,TRUE,35,Bournemouth,FALSE,4,3
868090,50,Manchester City,5,5,16,6,12,4,6,9,3,71%,2,1,1,717,653,91%,,,868090,36,Fulham,2,1,4,1,3,1,11,0,0,29%,4,0,3,295,234,79%,,,144,868090,2022-11-05T15:00:00+00:00,50,Manchester City,TRUE,36,Fulham,FALSE,2,1
868091,65,Nottingham Forest,7,6,15,2,9,6,10,3,0,47%,2,0,0,419,317,76%,,,868091,55,Brentford,2,3,6,1,4,2,11,3,2,53%,2,0,5,477,367,77%,,,145,868091,2022-11-05T15:00:00+00:00,65,Nottingham Forest,DRAW,55,Brentford,DRAW,2,2
868092,41,Southampton,5,6,16,5,9,7,7,8,4,55%,1,0,0,468,366,78%,,,868092,34,Newcastle,4,2,7,1,5,2,10,2,1,45%,0,0,4,380,257,68%,,,146,868092,2022-11-06T14:00:00+00:00,41,Southampton,FALSE,34,Newcastle,TRUE,1,4
868093,47,Tottenham,5,6,14,3,11,3,10,5,1,47%,0,0,4,518,428,83%,,,868093,40,Liverpool,6,3,13,4,7,6,8,3,2,53%,0,0,4,616,515,84%,,,147,868093,2022-11-06T16:30:00+00:00,47,Tottenham,FALSE,40,Liverpool,TRUE,1,2
868094,48,West Ham,2,3,5,0,3,2,10,2,4,42%,1,0,5,419,337,80%,,,868094,52,Crystal Palace,6,2,15,7,8,7,7,5,0,58%,1,0,1,591,515,87%,,,148,868094,2022-11-06T14:00:00+00:00,48,West Ham,FALSE,52,Crystal Palace,TRUE,1,2
868095,39,Wolves,5,1,8,2,6,2,15,4,1,29%,2,1,5,256,193,75%,,,868095,51,Brighton,8,7,19,4,12,7,11,9,1,71%,0,0,3,653,589,90%,,,149,868095,2022-11-05T15:00:00+00:00,39,Wolves,FALSE,51,Brighton,TRUE,2,3
868096,35,Bournemouth,9,4,16,3,12,4,12,3,1,36%,2,0,3,305,223,73%,,,868096,45,Everton,3,6,15,6,8,7,8,5,1,64%,0,0,5,542,464,86%,,,150,868096,2022-11-12T15:00:00+00:00,35,Bournemouth,TRUE,45,Everton,FALSE,3,0
868097,51,Brighton,2,1,7,4,4,3,14,11,3,65%,2,0,0,526,454,86%,,,868097,66,Aston Villa,2,3,8,3,5,3,11,4,1,35%,7,0,1,293,211,72%,,,151,868097,2022-11-13T14:00:00+00:00,51,Brighton,FALSE,66,Aston Villa,TRUE,1,2
868098,36,Fulham,7,5,14,2,10,4,9,10,1,53%,1,0,8,461,366,79%,,,868098,33,Manchester United,9,3,14,2,10,4,10,3,2,47%,1,0,6,433,344,79%,,,152,868098,2022-11-13T16:30:00+00:00,36,Fulham,FALSE,33,Manchester United,TRUE,1,2
868099,40,Liverpool,7,6,15,2,13,2,8,6,0,60%,0,0,4,670,578,86%,,,868099,41,Southampton,5,3,9,1,9,0,8,0,2,40%,2,0,4,445,356,80%,,,153,868099,2022-11-12T15:00:00+00:00,40,Liverpool,TRUE,41,Southampton,FALSE,3,1
868100,50,Manchester City,6,9,29,14,17,12,9,10,2,75%,2,0,5,622,530,85%,,,868100,55,Brentford,8,1,10,1,8,2,7,2,2,25%,2,0,5,216,123,57%,,,154,868100,2022-11-12T12:30:00+00:00,50,Manchester City,FALSE,55,Brentford,TRUE,1,2
868101,34,Newcastle,3,3,10,4,8,2,14,5,3,49%,4,0,2,451,373,83%,,,868101,49,Chelsea,2,2,5,1,4,1,11,3,0,51%,2,0,2,471,396,84%,,,155,868101,2022-11-12T17:30:00+00:00,34,Newcastle,TRUE,49,Chelsea,FALSE,1,0
868102,65,Nottingham Forest,2,6,9,1,7,2,11,1,3,32%,1,0,0,284,203,71%,,,868102,52,Crystal Palace,1,7,8,1,8,0,13,5,0,68%,4,0,1,633,551,87%,,,156,868102,2022-11-12T15:00:00+00:00,65,Nottingham Forest,TRUE,52,Crystal Palace,FALSE,1,0
868103,47,Tottenham,8,3,14,3,11,3,8,9,0,55%,1,0,2,545,450,83%,,,868103,63,Leeds,5,2,12,5,9,3,7,2,1,45%,3,1,3,464,366,79%,,,157,868103,2022-11-12T15:00:00+00:00,47,Tottenham,TRUE,63,Leeds,FALSE,4,3
868104,48,West Ham,6,9,18,3,12,6,9,7,2,54%,3,0,4,483,374,77%,,,868104,46,Leicester,6,2,9,1,4,5,8,2,0,46%,1,0,6,422,330,78%,,,158,868104,2022-11-12T15:00:00+00:00,48,West Ham,FALSE,46,Leicester,TRUE,0,2
868105,39,Wolves,2,6,11,3,6,5,5,6,3,37%,3,0,1,348,277,80%,,,868105,42,Arsenal,4,7,14,3,11,3,6,4,1,63%,2,0,2,579,517,89%,,,159,868105,2022-11-12T19:45:00+00:00,39,Wolves,FALSE,42,Arsenal,TRUE,0,2
868106,42,Arsenal,5,6,16,5,8,8,13,7,3,67%,0,0,3,657,588,89%,,,868106,48,West Ham,4,4,8,0,4,4,17,5,0,33%,2,0,2,331,250,76%,,,160,868106,2022-12-26T20:00:00+00:00,42,Arsenal,TRUE,48,West Ham,FALSE,3,1
868107,66,Aston Villa,6,3,12,3,10,2,7,0,3,48%,0,0,6,471,381,81%,,,868107,40,Liverpool,9,6,16,1,10,6,12,6,3,52%,0,0,5,514,420,82%,,,161,868107,2022-12-26T17:30:00+00:00,66,Aston Villa,FALSE,40,Liverpool,TRUE,1,3
868108,55,Brentford,5,3,9,1,8,1,11,6,1,39%,3,0,6,335,213,64%,,,868108,47,Tottenham,8,2,15,5,7,8,10,5,5,61%,1,0,3,511,418,82%,,,162,868108,2022-12-26T12:30:00+00:00,55,Brentford,DRAW,47,Tottenham,DRAW,2,2
868109,49,Chelsea,5,7,15,3,11,4,8,6,3,60%,0,0,4,563,497,88%,,,868109,35,Bournemouth,4,4,9,1,4,5,10,8,0,40%,0,0,3,357,290,81%,,,163,868109,2022-12-27T17:30:00+00:00,49,Chelsea,TRUE,35,Bournemouth,FALSE,2,0
868110,52,Crystal Palace,1,3,4,1,4,0,12,1,1,36%,2,2,7,368,274,74%,,,868110,36,Fulham,11,6,23,6,20,3,15,7,2,64%,0,0,0,633,543,86%,,,164,868110,2022-12-26T15:00:00+00:00,52,Crystal Palace,FALSE,36,Fulham,TRUE,0,3
868111,45,Everton,6,4,12,2,7,5,9,2,1,58%,1,0,2,505,427,85%,,,868111,39,Wolves,4,2,7,1,4,3,22,2,2,42%,6,0,4,359,273,76%,,,165,868111,2022-12-26T15:00:00+00:00,45,Everton,FALSE,39,Wolves,TRUE,1,2
868112,63,Leeds,1,4,9,4,5,4,11,3,0,31%,3,0,6,307,225,73%,,,868112,50,Manchester City,9,12,26,5,21,5,14,5,1,69%,3,0,0,698,611,88%,,,166,868112,2022-12-28T20:00:00+00:00,63,Leeds,FALSE,50,Manchester City,TRUE,1,3
868113,46,Leicester,2,2,8,4,4,4,9,5,3,60%,0,0,2,575,472,82%,,,868113,34,Newcastle,5,4,12,3,10,2,6,5,1,40%,0,0,2,380,282,74%,,,167,868113,2022-12-26T15:00:00+00:00,46,Leicester,FALSE,34,Newcastle,TRUE,0,3
868114,33,Manchester United,8,3,17,6,12,5,13,9,1,66%,3,0,3,631,549,87%,,,868114,65,Nottingham Forest,3,3,8,2,5,3,4,9,2,34%,1,0,5,314,224,71%,,,168,868114,2022-12-27T20:00:00+00:00,33,Manchester United,TRUE,65,Nottingham Forest,FALSE,3,0
868115,41,Southampton,4,7,14,3,10,4,9,4,0,34%,1,0,2,329,254,77%,,,868115,51,Brighton,4,2,7,1,6,1,10,2,1,66%,2,0,3,680,590,87%,,,169,868115,2022-12-26T15:00:00+00:00,41,Southampton,FALSE,51,Brighton,TRUE,1,3
868116,35,Bournemouth,2,3,6,1,4,2,17,2,1,59%,4,0,4,455,342,75%,,,868116,52,Crystal Palace,6,4,15,5,6,9,11,7,1,41%,1,0,2,317,218,69%,,,170,868116,2022-12-31T15:00:00+00:00,35,Bournemouth,FALSE,52,Crystal Palace,TRUE,0,2
868117,51,Brighton,5,2,9,2,7,2,7,7,5,68%,3,0,3,598,528,88%,,,868117,42,Arsenal,7,3,14,4,14,0,11,4,0,32%,3,0,3,288,209,73%,,,171,868117,2022-12-31T17:30:00+00:00,51,Brighton,FALSE,42,Arsenal,TRUE,2,4
868118,36,Fulham,2,5,8,1,5,3,8,4,1,63%,0,0,2,579,464,80%,,,868118,41,Southampton,3,4,9,2,3,6,13,4,0,37%,1,0,1,342,224,65%,,,172,868118,2022-12-31T15:00:00+00:00,36,Fulham,TRUE,41,Southampton,FALSE,2,1
868119,40,Liverpool,5,10,21,6,12,9,8,4,2,57%,0,0,1,588,496,84%,,,868119,46,Leicester,2,3,7,2,6,1,15,5,5,43%,1,0,5,448,352,79%,,,173,868119,2022-12-30T20:00:00+00:00,40,Liverpool,TRUE,46,Leicester,FALSE,2,1
868120,50,Manchester City,3,6,16,7,11,5,13,7,3,74%,3,0,0,662,597,90%,,,868120,45,Everton,1,1,2,1,1,1,14,1,2,26%,4,0,2,238,185,78%,,,174,868120,2022-12-31T15:00:00+00:00,50,Manchester City,DRAW,45,Everton,DRAW,1,1
868121,34,Newcastle,5,9,16,2,12,4,13,9,3,59%,3,0,1,419,324,77%,,,868121,63,Leeds,1,3,8,4,6,2,19,3,0,41%,5,0,5,297,189,64%,,,175,868121,2022-12-31T15:00:00+00:00,34,Newcastle,DRAW,63,Leeds,DRAW,0,0
868122,65,Nottingham Forest,5,4,12,3,8,4,16,1,2,28%,2,0,1,256,196,77%,,,868122,49,Chelsea,2,2,7,3,6,1,14,2,2,72%,2,0,4,697,623,89%,,,176,868122,2023-01-01T16:30:00+00:00,65,Nottingham Forest,DRAW,49,Chelsea,DRAW,1,1
868123,47,Tottenham,2,2,6,2,4,2,15,5,1,59%,4,0,2,579,498,86%,,,868123,66,Aston Villa,4,4,13,5,6,7,10,3,0,41%,3,0,1,403,321,80%,,,177,868123,2023-01-01T14:00:00+00:00,47,Tottenham,FALSE,66,Aston Villa,TRUE,0,2
868124,48,West Ham,5,9,20,6,12,8,9,8,0,63%,1,0,4,570,493,86%,,,868124,55,Brentford,6,2,9,1,7,2,5,1,0,37%,0,0,5,348,261,75%,,,178,868124,2022-12-30T19:45:00+00:00,48,West Ham,FALSE,55,Brentford,TRUE,0,2
868125,39,Wolves,3,1,10,6,8,2,11,7,1,46%,1,0,6,394,301,76%,,,868125,33,Manchester United,6,5,16,5,11,5,11,5,2,54%,3,0,3,484,393,81%,,,179,868125,2022-12-31T12:30:00+00:00,39,Wolves,FALSE,33,Manchester United,TRUE,0,1
868126,42,Arsenal,4,8,17,5,11,6,10,5,1,67%,4,0,1,536,460,86%,,,868126,34,Newcastle,1,5,8,2,5,3,16,5,4,33%,5,0,4,253,181,72%,,,180,868126,2023-01-03T19:45:00+00:00,42,Arsenal,DRAW,34,Newcastle,DRAW,0,0
868127,66,Aston Villa,4,3,13,6,8,5,6,7,1,56%,1,0,2,491,430,88%,,,868127,39,Wolves,3,4,10,3,8,2,12,8,4,44%,3,0,2,383,321,84%,,,181,868127,2023-01-04T20:00:00+00:00,66,Aston Villa,DRAW,39,Wolves,DRAW,1,1
868128,55,Brentford,7,2,10,1,9,1,5,4,7,27%,1,0,4,237,118,50%,,,868128,40,Liverpool,6,3,16,7,12,4,8,9,4,73%,3,0,5,652,543,83%,,,182,868128,2023-01-02T17:30:00+00:00,55,Brentford,TRUE,40,Liverpool,FALSE,3,1
868129,49,Chelsea,2,3,8,3,6,2,9,3,2,48%,2,0,2,553,471,85%,,,868129,50,Manchester City,3,6,12,3,7,5,9,2,1,52%,0,0,2,612,548,90%,,,183,868129,2023-01-05T20:00:00+00:00,49,Chelsea,FALSE,50,Manchester City,TRUE,0,1
868130,52,Crystal Palace,4,9,19,6,9,10,11,10,1,47%,1,0,2,472,387,82%,,,868130,47,Tottenham,6,3,14,5,9,5,8,4,2,53%,2,0,4,545,470,86%,,,184,868130,2023-01-04T20:00:00+00:00,52,Crystal Palace,FALSE,47,Tottenham,TRUE,0,4
868131,45,Everton,4,5,10,1,7,3,8,5,1,49%,3,0,4,478,419,88%,,,868131,51,Brighton,8,6,19,5,10,9,10,2,0,51%,1,0,3,512,437,85%,,,185,868131,2023-01-03T19:45:00+00:00,45,Everton,FALSE,51,Brighton,TRUE,1,4
868132,63,Leeds,6,6,14,2,11,3,11,8,3,63%,3,0,0,476,378,79%,,,868132,48,West Ham,2,11,15,2,7,8,18,1,3,37%,1,0,3,275,172,63%,,,186,868132,2023-01-04T19:45:00+00:00,63,Leeds,DRAW,48,West Ham,DRAW,2,2
868133,46,Leicester,6,6,15,3,8,7,12,6,0,61%,2,0,1,551,449,81%,,,868133,36,Fulham,2,7,11,2,7,4,11,3,1,39%,6,0,6,348,263,76%,,,187,868133,2023-01-03T19:45:00+00:00,46,Leicester,FALSE,36,Fulham,TRUE,0,1
868134,33,Manchester United,6,6,18,6,10,8,13,6,0,59%,0,0,4,579,495,85%,,,868134,35,Bournemouth,4,2,7,1,6,1,7,5,2,41%,3,0,3,405,320,79%,,,188,868134,2023-01-03T20:00:00+00:00,33,Manchester United,TRUE,35,Bournemouth,FALSE,3,0
868135,41,Southampton,2,6,8,2,7,1,14,6,1,63%,2,0,0,468,365,78%,,,868135,65,Nottingham Forest,1,9,11,1,3,8,17,2,0,37%,2,0,0,283,180,64%,,,189,868135,2023-01-04T19:30:00+00:00,41,Southampton,FALSE,65,Nottingham Forest,TRUE,0,1
868136,66,Aston Villa,5,4,11,2,8,3,12,0,2,54%,2,0,2,421,307,73%,,,868136,63,Leeds,4,4,16,8,16,0,18,11,5,46%,2,0,3,341,236,69%,,,190,868136,2023-01-13T20:00:00+00:00,66,Aston Villa,TRUE,63,Leeds,FALSE,2,1
868137,55,Brentford,4,7,12,1,6,6,5,5,2,50%,1,0,2,426,317,74%,,,868137,35,Bournemouth,2,3,7,2,4,3,9,3,1,50%,1,0,2,435,338,78%,,,191,868137,2023-01-14T17:30:00+00:00,55,Brentford,TRUE,35,Bournemouth,FALSE,2,0
868138,51,Brighton,9,3,16,4,12,4,9,7,4,61%,1,0,2,650,573,88%,,,868138,40,Liverpool,2,3,6,1,5,1,15,1,2,39%,3,0,5,420,350,83%,,,192,868138,2023-01-14T15:00:00+00:00,51,Brighton,TRUE,40,Liverpool,FALSE,3,0
868139,49,Chelsea,5,5,15,5,13,2,10,11,3,63%,2,0,5,579,490,85%,,,868139,52,Crystal Palace,5,2,10,3,5,5,17,7,1,37%,5,0,4,335,249,74%,,,193,868139,2023-01-15T14:00:00+00:00,49,Chelsea,TRUE,52,Crystal Palace,FALSE,1,0
868140,45,Everton,4,5,12,3,8,4,7,6,3,52%,0,0,3,395,290,73%,,,868140,41,Southampton,5,2,13,6,7,6,18,4,2,48%,3,0,3,369,261,71%,,,194,868140,2023-01-14T15:00:00+00:00,45,Everton,FALSE,41,Southampton,TRUE,1,2
868141,33,Manchester United,4,1,8,3,6,2,15,1,6,29%,3,0,0,310,230,74%,,,868141,50,Manchester City,1,2,5,2,3,2,5,2,2,71%,0,0,1,737,658,89%,,,195,868141,2023-01-14T12:30:00+00:00,33,Manchester United,TRUE,50,Manchester City,FALSE,2,1
868142,34,Newcastle,5,7,20,8,12,8,6,10,2,62%,1,0,0,449,369,82%,,,868142,36,Fulham,1,4,5,1,4,1,14,5,3,38%,3,0,4,270,189,70%,,,196,868142,2023-01-15T14:00:00+00:00,34,Newcastle,TRUE,36,Fulham,FALSE,1,0
868143,65,Nottingham Forest,5,4,15,6,8,7,11,3,2,39%,1,0,1,345,260,75%,,,868143,46,Leicester,1,3,6,2,4,2,12,5,1,61%,2,0,3,547,452,83%,,,197,868143,2023-01-14T15:00:00+00:00,65,Nottingham Forest,TRUE,46,Leicester,FALSE,2,0
868144,47,Tottenham,7,4,17,6,13,4,16,4,1,51%,4,0,4,461,381,83%,,,868144,42,Arsenal,5,5,14,4,8,6,15,3,2,49%,2,0,7,456,384,84%,,,198,868144,2023-01-15T16:30:00+00:00,47,Tottenham,FALSE,42,Arsenal,TRUE,0,2
868145,39,Wolves,4,6,17,7,10,7,10,4,4,59%,0,0,3,548,460,84%,,,868145,48,West Ham,4,5,16,7,9,7,7,3,1,41%,2,0,3,369,288,78%,,,199,868145,2023-01-14T15:00:00+00:00,39,Wolves,TRUE,48,West Ham,FALSE,1,0
868146,35,Bournemouth,4,8,16,4,12,4,10,4,2,42%,1,0,4,366,265,72%,1.42,3.35,868146,65,Nottingham Forest,5,11,20,4,11,9,7,6,2,58%,2,0,2,485,388,80%,1.93,,200,868146,2023-01-21T15:00:00+00:00,35,Bournemouth,DRAW,65,Nottingham Forest,DRAW,1,1
868147,42,Arsenal,5,7,25,13,20,5,8,12,1,57%,1,0,2,520,423,81%,3.25,3.61,868147,33,Manchester United,4,2,6,2,3,3,9,4,4,43%,2,0,2,396,307,78%,0.36,,201,868147,2023-01-22T16:30:00+00:00,42,Arsenal,TRUE,33,Manchester United,FALSE,3,2
868148,52,Crystal Palace,1,1,6,4,4,2,13,3,0,39%,4,0,7,316,212,67%,0.3,1.55,868148,34,Newcastle,7,7,16,2,14,2,7,15,1,61%,2,0,1,488,386,79%,1.25,,202,868148,2023-01-21T17:30:00+00:00,52,Crystal Palace,DRAW,34,Newcastle,DRAW,0,0
868149,36,Fulham,5,4,10,1,6,4,10,3,2,53%,1,0,2,485,398,82%,0.99,1.91,868149,47,Tottenham,3,4,10,3,7,3,10,8,0,47%,3,0,5,446,349,78%,0.92,,203,868149,2023-01-23T20:00:00+00:00,36,Fulham,FALSE,47,Tottenham,TRUE,0,1
868150,63,Leeds,5,1,9,3,2,7,10,2,1,59%,2,0,0,501,369,74%,0.49,0.89,868150,55,Brentford,1,5,6,1,3,3,18,3,1,41%,2,0,5,346,223,64%,0.4,,204,868150,2023-01-22T14:00:00+00:00,63,Leeds,DRAW,55,Brentford,DRAW,0,0
868151,46,Leicester,2,2,9,5,8,1,9,5,0,37%,0,0,2,369,293,79%,0.99,3.13,868151,51,Brighton,4,6,13,3,7,6,9,6,2,63%,1,0,0,637,563,88%,2.14,,205,868151,2023-01-21T15:00:00+00:00,46,Leicester,DRAW,51,Brighton,DRAW,2,2
868152,40,Liverpool,3,6,15,6,10,5,16,5,5,48%,3,0,2,477,375,79%,1.4,3.05,868152,49,Chelsea,2,6,11,3,9,2,9,5,1,52%,1,0,3,540,437,81%,1.65,,206,868152,2023-01-21T12:30:00+00:00,40,Liverpool,DRAW,49,Chelsea,DRAW,0,0
868153,50,Manchester City,7,5,13,1,10,3,10,5,1,55%,1,0,1,587,526,90%,2.78,3.57,868153,39,Wolves,1,5,10,4,6,4,10,7,0,45%,2,0,3,478,409,86%,0.79,,207,868153,2023-01-22T14:00:00+00:00,50,Manchester City,TRUE,39,Wolves,FALSE,3,0
868154,41,Southampton,5,2,8,1,6,2,19,2,3,37%,1,0,4,322,228,71%,0.58,1.95,868154,66,Aston Villa,5,8,16,3,11,5,9,2,0,63%,2,0,5,566,456,81%,1.37,,208,868154,2023-01-21T15:00:00+00:00,41,Southampton,FALSE,66,Aston Villa,TRUE,0,1
868155,48,West Ham,4,3,11,4,9,2,9,4,1,32%,1,0,2,346,275,79%,2.27,2.82,868155,45,Everton,2,1,5,2,4,1,6,9,2,68%,1,0,2,729,639,88%,0.55,,209,868155,2023-01-21T15:00:00+00:00,48,West Ham,TRUE,45,Everton,FALSE,2,0
868156,66,Aston Villa,4,6,19,9,10,9,10,11,2,63%,0,0,1,564,489,87%,1.71,4.28,868156,46,Leicester,5,4,9,0,7,2,10,3,8,37%,3,0,3,333,249,75%,2.57,,210,868156,2023-02-04T15:00:00+00:00,66,Aston Villa,FALSE,46,Leicester,TRUE,2,4
868157,55,Brentford,4,6,14,4,14,0,10,4,1,48%,1,0,5,396,274,69%,2.15,2.81,868157,41,Southampton,6,4,14,4,5,9,9,4,2,52%,2,0,0,427,323,76%,0.66,,211,868157,2023-02-04T15:00:00+00:00,55,Brentford,TRUE,41,Southampton,FALSE,3,0
868158,51,Brighton,6,7,20,7,14,6,14,7,0,72%,3,0,2,682,609,89%,2.5,3.68,868158,35,Bournemouth,2,7,12,3,8,4,7,3,1,28%,1,0,5,264,191,72%,1.18,,212,868158,2023-02-04T15:00:00+00:00,51,Brighton,TRUE,35,Bournemouth,FALSE,1,0
868159,49,Chelsea,3,7,12,2,8,4,16,6,3,67%,1,0,4,662,568,86%,1.33,1.98,868159,36,Fulham,4,3,10,3,5,5,12,2,0,33%,4,0,2,313,226,72%,0.65,,213,868159,2023-02-03T20:00:00+00:00,49,Chelsea,DRAW,36,Fulham,DRAW,0,0
868160,45,Everton,4,5,12,3,7,5,13,7,3,30%,4,0,2,252,180,71%,1.67,2.58,868160,42,Arsenal,3,7,15,5,12,3,8,5,0,70%,1,0,3,639,553,87%,0.91,,214,868160,2023-02-04T12:30:00+00:00,45,Everton,TRUE,42,Arsenal,FALSE,1,0
868161,33,Manchester United,5,5,14,4,10,4,9,5,1,53%,1,1,2,487,416,85%,2.04,3.4,868161,52,Crystal Palace,3,5,10,2,9,1,9,5,4,47%,2,0,3,426,342,80%,1.36,,215,868161,2023-02-04T15:00:00+00:00,33,Manchester United,TRUE,52,Crystal Palace,FALSE,2,1
868162,34,Newcastle,2,3,8,3,7,1,11,4,0,63%,2,0,0,557,449,81%,1.01,2.02,868162,48,West Ham,1,5,10,4,6,4,13,2,2,37%,1,0,1,329,227,69%,1.01,,216,868162,2023-02-04T17:30:00+00:00,34,Newcastle,DRAW,48,West Ham,DRAW,1,1
868163,65,Nottingham Forest,2,2,6,2,4,2,15,0,2,30%,4,0,4,253,138,55%,0.39,1.28,868163,63,Leeds,4,3,10,3,6,4,14,2,3,70%,2,0,1,585,438,75%,0.89,,217,868163,2023-02-05T14:00:00+00:00,65,Nottingham Forest,TRUE,63,Leeds,FALSE,1,0
868164,47,Tottenham,3,5,12,4,9,3,19,4,2,35%,4,1,5,303,226,75%,1.46,2.78,868164,50,Manchester City,5,5,15,5,10,5,14,6,1,65%,3,0,2,556,487,88%,1.32,,218,868164,2023-02-05T16:30:00+00:00,47,Tottenham,TRUE,50,Manchester City,FALSE,1,0
868165,39,Wolves,6,5,12,1,7,5,9,2,1,42%,1,0,2,407,305,75%,2.03,3.99,868165,40,Liverpool,4,8,22,10,12,10,7,7,2,58%,1,0,3,544,465,85%,1.96,,219,868165,2023-02-04T15:00:00+00:00,39,Wolves,TRUE,40,Liverpool,FALSE,3,0
868166,35,Bournemouth,5,5,11,1,7,4,8,4,2,33%,2,0,6,276,184,67%,1.56,2.88,868166,34,Newcastle,7,5,15,3,10,5,10,6,5,67%,3,0,3,566,463,82%,1.32,,220,868166,2023-02-11T17:30:00+00:00,35,Bournemouth,DRAW,34,Newcastle,DRAW,1,1
868167,42,Arsenal,7,10,23,6,13,10,9,7,1,69%,0,0,1,590,510,86%,1.55,3.56,868167,55,Brentford,2,4,9,3,7,2,9,4,1,31%,2,0,6,267,177,66%,2.01,,221,868167,2023-02-11T15:00:00+00:00,42,Arsenal,DRAW,55,Brentford,DRAW,1,1
868168,52,Crystal Palace,1,2,6,3,5,1,10,1,3,26%,4,0,6,240,169,70%,1.08,3.58,868168,51,Brighton,7,5,17,5,13,4,11,6,2,74%,1,0,0,705,634,90%,2.5,,222,868168,2023-02-11T15:00:00+00:00,52,Crystal Palace,DRAW,51,Brighton,DRAW,1,1
868169,36,Fulham,3,11,16,2,12,4,9,5,1,50%,0,0,1,396,313,79%,1.56,2.22,868169,65,Nottingham Forest,1,7,10,2,7,3,11,4,3,50%,1,0,1,408,314,77%,0.66,,223,868169,2023-02-11T15:00:00+00:00,36,Fulham,TRUE,65,Nottingham Forest,FALSE,2,0
868170,63,Leeds,6,4,16,6,13,3,10,7,3,33%,2,0,3,251,170,68%,1.81,2.93,868170,33,Manchester United,5,4,11,2,8,3,13,3,3,67%,1,0,6,544,444,82%,1.12,,224,868170,2023-02-12T14:00:00+00:00,63,Leeds,FALSE,33,Manchester United,TRUE,0,2
868171,46,Leicester,7,6,15,2,12,3,14,1,2,49%,5,0,3,454,356,78%,1.68,3.04,868171,47,Tottenham,4,6,11,1,8,3,9,5,2,51%,2,0,2,468,387,83%,1.36,,225,868171,2023-02-11T15:00:00+00:00,46,Leicester,TRUE,47,Tottenham,FALSE,4,1
868172,40,Liverpool,6,4,15,5,11,4,8,3,4,59%,1,0,1,585,505,86%,2.33,2.69,868172,45,Everton,1,4,6,1,4,2,16,3,2,41%,3,0,4,403,317,79%,0.36,,226,868172,2023-02-13T20:00:00+00:00,40,Liverpool,TRUE,45,Everton,FALSE,2,0
868173,50,Manchester City,9,3,17,5,13,4,13,8,1,67%,1,0,1,620,558,90%,3.36,3.63,868173,66,Aston Villa,2,2,6,2,3,3,14,4,4,33%,2,0,5,304,247,81%,0.27,,227,868173,2023-02-12T16:30:00+00:00,50,Manchester City,TRUE,66,Aston Villa,FALSE,3,1
868174,41,Southampton,2,10,17,5,12,5,12,5,0,41%,2,0,0,329,232,71%,1.16,1.99,868174,39,Wolves,2,2,11,7,7,4,14,2,3,59%,4,1,1,492,396,80%,0.83,,228,868174,2023-02-11T15:00:00+00:00,41,Southampton,FALSE,39,Wolves,TRUE,1,2
868175,48,West Ham,2,5,10,3,8,2,9,5,3,28%,1,0,3,247,187,76%,1.29,2.44,868175,49,Chelsea,4,4,12,4,6,6,11,6,4,72%,1,0,1,660,597,90%,1.15,,229,868175,2023-02-11T12:30:00+00:00,48,West Ham,DRAW,49,Chelsea,DRAW,1,1
868176,66,Aston Villa,5,1,7,1,4,3,13,2,0,33%,2,0,2,293,225,77%,0.51,3.79,868176,42,Arsenal,5,8,20,7,12,8,4,9,2,67%,1,0,3,571,489,86%,3.28,,230,868176,2023-02-18T12:30:00+00:00,66,Aston Villa,FALSE,42,Arsenal,TRUE,2,4
868177,55,Brentford,5,6,12,1,7,5,10,2,3,59%,2,0,3,517,426,82%,0.89,1.98,868177,52,Crystal Palace,4,3,10,3,8,2,8,6,2,41%,2,0,4,360,280,78%,1.09,,231,868177,2023-02-18T15:00:00+00:00,55,Brentford,DRAW,52,Crystal Palace,DRAW,1,1
868178,51,Brighton,7,10,21,4,14,7,12,10,4,65%,0,0,1,593,520,88%,2.22,2.56,868178,36,Fulham,2,3,5,3,4,1,14,2,0,35%,5,0,7,316,231,73%,0.34,,232,868178,2023-02-18T15:00:00+00:00,51,Brighton,FALSE,36,Fulham,TRUE,0,1
868179,49,Chelsea,5,5,17,7,10,7,16,8,3,61%,3,0,3,504,433,86%,1.62,2.22,868179,41,Southampton,5,3,8,0,4,4,25,2,1,39%,6,0,4,320,241,75%,0.6,,233,868179,2023-02-18T15:00:00+00:00,49,Chelsea,FALSE,41,Southampton,TRUE,0,1
868180,45,Everton,6,7,15,2,10,5,8,6,1,50%,2,0,0,399,293,73%,1.47,2.01,868180,63,Leeds,4,4,8,4,3,5,6,4,0,50%,3,0,3,400,276,69%,0.54,,234,868180,2023-02-18T15:00:00+00:00,45,Everton,TRUE,63,Leeds,FALSE,1,0
868181,33,Manchester United,8,9,26,9,19,7,9,6,0,57%,0,0,3,572,484,85%,4.47,6.1,868181,46,Leicester,3,9,19,7,11,8,9,6,1,43%,2,0,5,433,351,81%,1.63,,235,868181,2023-02-19T14:00:00+00:00,33,Manchester United,TRUE,46,Leicester,FALSE,3,0
868182,34,Newcastle,4,7,14,3,12,2,3,6,3,37%,1,1,5,350,287,82%,2.04,3.91,868182,40,Liverpool,7,4,13,2,8,5,8,7,0,63%,1,0,4,605,533,88%,1.87,,236,868182,2023-02-18T17:30:00+00:00,34,Newcastle,FALSE,40,Liverpool,TRUE,0,2
868183,65,Nottingham Forest,1,2,4,1,3,1,8,0,2,27%,1,0,5,252,164,65%,0.95,3.35,868183,50,Manchester City,6,11,23,6,10,13,6,10,0,73%,0,0,0,676,595,88%,2.4,,237,868183,2023-02-18T15:00:00+00:00,65,Nottingham Forest,DRAW,50,Manchester City,DRAW,1,1
868184,47,Tottenham,6,4,16,6,8,8,16,4,0,57%,2,0,1,544,460,85%,1.55,2.03,868184,48,West Ham,1,4,6,1,4,2,10,7,0,43%,1,0,4,403,302,75%,0.48,,238,868184,2023-02-19T16:30:00+00:00,47,Tottenham,TRUE,48,West Ham,FALSE,2,0
868185,39,Wolves,4,5,15,6,12,3,12,12,2,69%,3,0,0,616,520,84%,1.29,2.36,868185,35,Bournemouth,1,1,5,3,3,2,10,2,0,31%,3,0,4,291,197,68%,1.07,,239,868185,2023-02-18T15:00:00+00:00,39,Wolves,FALSE,35,Bournemouth,TRUE,0,1
868186,35,Bournemouth,2,5,13,6,11,2,10,4,1,34%,2,0,2,377,313,83%,1.32,3.84,868186,50,Manchester City,5,8,20,7,14,6,9,6,2,66%,2,0,1,750,676,90%,2.52,,240,868186,2023-02-25T17:30:00+00:00,35,Bournemouth,FALSE,50,Manchester City,TRUE,1,4
868187,52,Crystal Palace,2,4,6,2,4,2,11,5,4,36%,2,0,4,345,257,74%,0.7,1.6,868187,40,Liverpool,4,5,12,3,8,4,14,3,1,64%,5,0,0,644,544,84%,0.9,,241,868187,2023-02-25T19:45:00+00:00,52,Crystal Palace,DRAW,40,Liverpool,DRAW,0,0
868188,45,Everton,5,7,15,3,13,2,12,5,1,47%,2,0,3,353,277,78%,1.71,3.65,868188,66,Aston Villa,5,4,9,0,4,5,12,1,0,53%,1,0,4,433,343,79%,1.94,,242,868188,2023-02-25T15:00:00+00:00,45,Everton,FALSE,66,Aston Villa,TRUE,0,2
868189,36,Fulham,5,2,10,3,3,7,12,3,1,51%,2,0,1,448,364,81%,0.46,1.24,868189,39,Wolves,2,5,8,1,6,2,17,3,1,49%,0,0,4,442,337,76%,0.78,,243,868189,2023-02-24T20:00:00+00:00,36,Fulham,DRAW,39,Wolves,DRAW,1,1
868190,63,Leeds,4,6,14,4,9,5,15,9,2,61%,2,0,2,520,440,85%,0.91,1.29,868190,41,Southampton,2,3,8,3,5,3,13,2,3,39%,4,0,3,345,268,78%,0.38,,244,868190,2023-02-25T15:00:00+00:00,63,Leeds,TRUE,41,Southampton,FALSE,1,0
868191,46,Leicester,0,1,1,0,0,1,14,0,4,34%,0,0,1,315,217,69%,0.02,0.68,868191,42,Arsenal,2,3,10,5,5,5,9,8,4,66%,1,0,0,613,505,82%,0.66,,245,868191,2023-02-25T15:00:00+00:00,46,Leicester,FALSE,42,Arsenal,TRUE,0,1
868192,33,Manchester United,3,8,18,7,8,10,8,12,3,65%,3,0,1,615,528,86%,1.2,1.91,868192,55,Brentford,1,4,6,1,4,2,13,3,1,35%,2,0,2,327,249,76%,0.71,,246,868192,2023-04-05T19:00:00+00:00,33,Manchester United,TRUE,55,Brentford,FALSE,1,0
868193,34,Newcastle,9,6,22,7,19,3,17,6,1,34%,2,0,1,254,180,71%,3.56,4.07,868193,51,Brighton,2,3,8,3,5,3,16,1,2,66%,4,0,5,521,438,84%,0.51,,247,868193,2023-05-18T18:30:00+00:00,34,Newcastle,TRUE,51,Brighton,FALSE,4,1
868194,47,Tottenham,3,4,8,1,4,4,10,4,0,41%,2,0,2,410,337,82%,0.8,1.22,868194,49,Chelsea,2,5,10,3,1,9,10,4,2,59%,3,0,1,596,532,89%,0.42,,248,868194,2023-02-26T13:30:00+00:00,47,Tottenham,TRUE,49,Chelsea,FALSE,2,0
868195,48,West Ham,5,8,18,5,12,6,8,12,1,49%,0,0,3,409,319,78%,2.73,3.15,868195,65,Nottingham Forest,3,3,8,2,4,4,5,3,1,51%,0,0,1,435,340,78%,0.42,,249,868195,2023-02-25T15:00:00+00:00,48,West Ham,TRUE,65,Nottingham Forest,FALSE,4,0
868196,42,Arsenal,9,10,31,12,16,15,6,17,0,80%,0,0,2,740,656,89%,2.17,3.5,868196,35,Bournemouth,4,0,4,0,4,0,8,1,0,20%,2,0,6,184,106,58%,1.33,,250,868196,2023-03-04T15:00:00+00:00,42,Arsenal,TRUE,35,Bournemouth,FALSE,3,2
868197,66,Aston Villa,1,4,8,3,7,1,14,2,0,58%,2,0,0,526,462,88%,1.2,1.37,868197,52,Crystal Palace,1,2,3,1,2,1,17,4,5,42%,5,1,1,364,305,84%,0.17,,251,868197,2023-03-04T15:00:00+00:00,66,Aston Villa,TRUE,52,Crystal Palace,FALSE,1,0
868198,55,Brentford,6,7,14,1,9,5,12,2,3,36%,0,0,3,274,183,67%,2.2,3.72,868198,36,Fulham,5,4,9,0,5,4,17,3,1,64%,3,0,3,483,400,83%,1.52,,252,868198,2023-03-06T20:00:00+00:00,55,Brentford,TRUE,36,Fulham,FALSE,3,2
868199,51,Brighton,9,7,20,4,12,8,6,7,0,66%,0,0,2,708,641,91%,3.7,4.03,868199,48,West Ham,2,1,3,1,3,0,8,3,0,34%,3,0,5,368,290,79%,0.33,,253,868199,2023-03-04T15:00:00+00:00,51,Brighton,TRUE,48,West Ham,FALSE,4,0
868200,49,Chelsea,3,8,13,2,9,4,11,5,2,57%,2,0,2,579,507,88%,1.46,2.51,868200,63,Leeds,2,6,11,3,9,2,7,7,2,43%,0,0,2,425,337,79%,1.05,,254,868200,2023-03-04T15:00:00+00:00,49,Chelsea,TRUE,63,Leeds,FALSE,1,0
868201,40,Liverpool,8,5,18,5,15,3,13,4,0,60%,2,0,4,468,365,78%,2.78,3.6,868201,33,Manchester United,4,3,8,1,6,2,14,3,4,40%,3,0,1,314,223,71%,0.82,,255,868201,2023-03-05T16:30:00+00:00,40,Liverpool,TRUE,33,Manchester United,FALSE,7,0
868202,50,Manchester City,3,6,11,2,7,4,8,8,0,56%,2,0,2,539,466,86%,1.34,1.77,868202,34,Newcastle,2,1,5,2,4,1,13,4,1,44%,4,0,1,410,331,81%,0.43,,256,868202,2023-03-04T12:30:00+00:00,50,Manchester City,TRUE,34,Newcastle,FALSE,2,0
868203,65,Nottingham Forest,4,2,10,4,7,3,11,3,0,57%,3,0,1,472,362,77%,0.84,2.54,868203,45,Everton,3,2,10,5,7,3,17,3,0,43%,5,0,2,361,240,66%,1.7,,257,868203,2023-03-05T14:00:00+00:00,65,Nottingham Forest,DRAW,45,Everton,DRAW,2,2
868204,41,Southampton,5,2,11,4,5,6,12,3,4,35%,4,0,0,330,227,69%,1.38,3.31,868204,46,Leicester,4,7,11,4,6,5,11,4,2,65%,2,0,4,615,486,79%,1.93,,258,868204,2023-03-04T17:30:00+00:00,41,Southampton,TRUE,46,Leicester,FALSE,1,0
868205,39,Wolves,5,3,8,0,4,4,11,4,3,47%,1,0,6,421,343,81%,0.52,1.72,868205,47,Tottenham,6,6,21,9,7,14,18,8,1,53%,1,0,4,473,406,86%,1.2,,259,868205,2023-03-04T15:00:00+00:00,39,Wolves,TRUE,47,Tottenham,FALSE,1,0
868206,35,Bournemouth,2,3,5,0,5,0,7,3,2,31%,2,0,5,278,182,65%,0.86,2.61,868206,40,Liverpool,6,8,15,1,11,4,9,8,4,69%,1,0,1,637,531,83%,1.75,,260,868206,2023-03-11T12:30:00+00:00,35,Bournemouth,TRUE,40,Liverpool,FALSE,1,0
868207,52,Crystal Palace,2,2,4,4,3,1,11,2,3,32%,2,0,3,290,218,75%,0.21,2.29,868207,50,Manchester City,4,5,14,5,8,6,17,6,2,68%,2,0,0,616,538,87%,2.08,,261,868207,2023-03-11T17:30:00+00:00,52,Crystal Palace,FALSE,50,Manchester City,TRUE,0,1
868208,45,Everton,6,6,13,1,9,4,11,5,3,33%,2,0,3,262,164,63%,1.03,3.13,868208,55,Brentford,4,6,12,2,9,3,12,8,1,67%,1,0,5,523,405,77%,2.1,,262,868208,2023-03-11T15:00:00+00:00,45,Everton,TRUE,55,Brentford,FALSE,1,0
868209,36,Fulham,2,6,12,4,7,5,10,4,2,45%,0,0,4,433,358,83%,0.85,3.23,868209,42,Arsenal,7,3,15,5,11,4,9,8,2,55%,1,0,2,539,466,86%,2.38,,263,868209,2023-03-12T14:00:00+00:00,36,Fulham,FALSE,42,Arsenal,TRUE,0,3
868210,63,Leeds,4,3,12,5,7,5,12,4,3,38%,1,0,2,378,310,82%,1.66,3.55,868210,51,Brighton,2,8,14,4,10,4,9,7,3,62%,1,0,2,620,534,86%,1.89,,264,868210,2023-03-11T15:00:00+00:00,63,Leeds,DRAW,51,Brighton,DRAW,2,2
868211,46,Leicester,7,4,17,6,8,9,10,2,0,48%,3,1,3,517,429,83%,2.52,4.09,868211,49,Chelsea,6,3,12,3,9,3,11,5,4,52%,2,0,5,550,464,84%,1.57,,265,868211,2023-03-11T15:00:00+00:00,46,Leicester,FALSE,49,Chelsea,TRUE,1,3
868212,33,Manchester United,4,3,10,3,6,4,12,7,0,47%,2,1,4,389,304,78%,0.86,1.97,868212,41,Southampton,4,4,17,9,8,9,9,8,2,53%,0,0,4,444,373,84%,1.11,,266,868212,2023-03-12T14:00:00+00:00,33,Manchester United,DRAW,41,Southampton,DRAW,0,0
868213,34,Newcastle,8,3,19,8,13,6,11,10,0,42%,1,0,3,302,238,79%,1.81,2.92,868213,39,Wolves,4,3,7,0,3,4,10,3,0,58%,2,0,6,425,345,81%,1.11,,267,868213,2023-03-12T16:30:00+00:00,34,Newcastle,TRUE,39,Wolves,FALSE,2,1
868214,47,Tottenham,7,3,15,5,13,2,13,2,1,55%,3,0,4,490,427,87%,2,3.54,868214,65,Nottingham Forest,5,2,9,2,7,2,13,10,1,45%,1,0,4,391,318,81%,1.54,,268,868214,2023-03-11T15:00:00+00:00,47,Tottenham,TRUE,65,Nottingham Forest,FALSE,3,1
868215,48,West Ham,6,8,17,3,12,5,9,12,6,41%,1,0,3,352,290,82%,2.22,3.8,868215,66,Aston Villa,4,4,12,4,10,2,6,2,1,59%,0,0,4,545,474,87%,1.58,,269,868215,2023-03-12T14:00:00+00:00,48,West Ham,DRAW,66,Aston Villa,DRAW,1,1
868216,42,Arsenal,5,5,15,5,10,5,8,5,2,62%,0,0,4,587,509,87%,1.57,2.35,868216,52,Crystal Palace,5,1,9,3,8,1,10,4,2,38%,1,0,1,358,279,78%,0.78,,270,868216,2023-03-19T14:00:00+00:00,42,Arsenal,TRUE,52,Crystal Palace,FALSE,4,1
868217,66,Aston Villa,9,3,20,8,16,4,8,9,0,56%,1,0,3,447,381,85%,3.66,5.02,868217,35,Bournemouth,3,4,10,3,9,1,13,6,2,44%,4,0,6,350,294,84%,1.36,,271,868217,2023-03-18T15:00:00+00:00,66,Aston Villa,TRUE,35,Bournemouth,FALSE,3,0
868218,55,Brentford,2,2,11,7,6,5,10,8,1,53%,3,1,0,484,374,77%,0.64,1.99,868218,46,Leicester,1,6,14,7,11,3,11,4,3,47%,2,0,1,443,355,80%,1.35,,272,868218,2023-03-18T15:00:00+00:00,55,Brentford,DRAW,46,Leicester,DRAW,1,1
868219,51,Brighton,6,11,22,5,14,8,10,8,0,60%,4,0,5,563,486,86%,2.29,3.71,868219,33,Manchester United,5,6,16,5,8,8,14,6,2,40%,4,0,5,385,291,76%,1.42,,273,868219,2023-05-04T19:00:00+00:00,51,Brighton,TRUE,33,Manchester United,FALSE,1,0
868220,49,Chelsea,7,3,20,10,16,4,8,8,2,69%,2,0,1,542,455,84%,2.37,3.64,868220,45,Everton,3,4,12,5,7,5,12,2,1,31%,2,0,5,246,165,67%,1.27,,274,868220,2023-03-18T17:30:00+00:00,49,Chelsea,DRAW,45,Everton,DRAW,2,2
868221,40,Liverpool,3,9,15,3,6,9,10,7,3,57%,0,0,3,613,522,85%,1.83,2.7,868221,36,Fulham,3,3,9,3,7,2,8,5,2,43%,0,0,2,454,381,84%,0.87,,275,868221,2023-05-03T19:00:00+00:00,40,Liverpool,TRUE,36,Fulham,FALSE,1,0
868222,50,Manchester City,7,7,16,2,10,6,8,6,1,69%,0,0,2,723,656,91%,2.3,2.73,868222,48,West Ham,2,3,6,1,3,3,8,3,0,31%,1,0,4,327,255,78%,0.43,,276,868222,2023-05-03T19:00:00+00:00,50,Manchester City,TRUE,48,West Ham,FALSE,3,0
868223,65,Nottingham Forest,3,2,5,0,2,3,17,3,1,38%,5,0,2,285,192,67%,0.37,2.85,868223,34,Newcastle,4,5,15,6,12,3,9,7,1,62%,1,0,2,449,358,80%,2.48,,277,868223,2023-03-17T20:00:00+00:00,65,Nottingham Forest,FALSE,34,Newcastle,TRUE,1,2
868224,41,Southampton,7,7,19,5,11,8,13,10,2,50%,1,0,0,457,388,85%,2.51,4.78,868224,47,Tottenham,3,9,17,5,11,6,8,3,1,50%,1,0,4,450,377,84%,2.27,,278,868224,2023-03-18T15:00:00+00:00,41,Southampton,DRAW,47,Tottenham,DRAW,3,3
868225,39,Wolves,8,9,23,6,16,7,15,5,2,66%,3,2,0,580,482,83%,2.78,4.4,868225,63,Leeds,4,5,11,2,7,4,9,4,0,34%,5,0,6,294,199,68%,1.62,,279,868225,2023-03-18T15:00:00+00:00,39,Wolves,FALSE,63,Leeds,TRUE,2,4
868226,35,Bournemouth,7,3,12,2,9,3,15,4,1,43%,1,0,1,367,281,77%,2.65,3.49,868226,36,Fulham,2,6,10,2,7,3,13,3,1,57%,4,0,4,496,424,85%,0.84,,280,868226,2023-04-01T14:00:00+00:00,35,Bournemouth,TRUE,36,Fulham,FALSE,2,1
868227,42,Arsenal,6,2,13,5,11,2,11,4,5,67%,0,0,4,636,544,86%,3.78,4.5,868227,63,Leeds,5,1,7,1,6,1,13,3,1,33%,2,0,1,307,220,72%,0.72,,281,868227,2023-04-01T14:00:00+00:00,42,Arsenal,TRUE,63,Leeds,FALSE,4,1
868228,51,Brighton,15,8,33,10,19,14,16,14,2,72%,2,0,2,582,507,87%,4.47,6.07,868228,55,Brentford,5,1,7,1,6,1,10,0,2,28%,1,0,11,227,150,66%,1.6,,282,868228,2023-04-01T14:00:00+00:00,51,Brighton,DRAW,55,Brentford,DRAW,3,3
868229,49,Chelsea,8,15,27,4,19,8,14,13,2,69%,3,0,0,600,543,91%,2.16,3.08,868229,66,Aston Villa,2,3,5,0,2,3,16,2,0,31%,3,0,7,285,214,75%,0.92,,283,868229,2023-04-01T16:30:00+00:00,49,Chelsea,FALSE,66,Aston Villa,TRUE,0,2
868230,52,Crystal Palace,9,8,31,14,20,11,12,10,1,51%,3,0,1,446,357,80%,2.42,2.64,868230,46,Leicester,2,1,3,1,3,0,16,1,2,49%,4,0,8,445,345,78%,0.22,,284,868230,2023-04-01T14:00:00+00:00,52,Crystal Palace,TRUE,46,Leicester,FALSE,2,1
868231,45,Everton,6,5,15,4,10,5,10,3,1,39%,0,1,0,377,303,80%,0.91,2.35,868231,47,Tottenham,2,5,8,1,6,2,14,3,3,61%,3,1,5,596,502,84%,1.44,,285,868231,2023-04-03T19:00:00+00:00,45,Everton,DRAW,47,Tottenham,DRAW,1,1
868232,50,Manchester City,8,3,17,6,14,3,9,7,3,68%,1,0,0,754,692,92%,2.96,3.29,868232,40,Liverpool,1,3,4,3,4,0,12,1,5,32%,1,0,4,350,288,82%,0.33,,286,868232,2023-04-01T11:30:00+00:00,50,Manchester City,TRUE,40,Liverpool,FALSE,4,1
868233,34,Newcastle,6,9,22,7,16,6,8,7,1,46%,0,0,1,343,264,77%,3.68,4.11,868233,33,Manchester United,1,3,6,2,5,1,12,4,0,54%,0,0,4,417,338,81%,0.43,,287,868233,2023-04-02T15:30:00+00:00,34,Newcastle,TRUE,33,Manchester United,FALSE,2,0
868234,65,Nottingham Forest,7,7,17,3,14,3,14,4,2,28%,3,0,0,235,162,69%,1.32,1.81,868234,39,Wolves,1,3,8,4,5,3,13,3,0,72%,5,0,6,636,541,85%,0.49,,288,868234,2023-04-01T14:00:00+00:00,65,Nottingham Forest,DRAW,39,Wolves,DRAW,1,1
868235,48,West Ham,2,7,12,3,9,3,10,5,1,43%,0,0,3,403,296,73%,1.4,1.7,868235,41,Southampton,3,4,9,2,5,4,11,3,1,57%,2,0,2,544,455,84%,0.3,,289,868235,2023-04-02T13:00:00+00:00,48,West Ham,TRUE,41,Southampton,FALSE,1,0
868236,66,Aston Villa,3,4,8,1,8,0,7,1,1,65%,3,0,2,448,384,86%,1.3,1.55,868236,65,Nottingham Forest,2,1,6,3,3,3,17,8,7,35%,4,0,1,227,149,66%,0.25,,290,868236,2023-04-08T14:00:00+00:00,66,Aston Villa,TRUE,65,Nottingham Forest,FALSE,2,0
868237,55,Brentford,6,4,12,2,10,2,10,6,2,41%,0,0,3,273,206,75%,2.57,3.88,868237,34,Newcastle,4,4,10,2,8,2,15,5,2,59%,2,0,5,413,341,83%,1.31,,291,868237,2023-04-08T14:00:00+00:00,55,Brentford,FALSE,34,Newcastle,TRUE,1,2
868238,36,Fulham,3,2,16,11,7,9,10,11,0,77%,1,0,5,659,581,88%,0.68,1.77,868238,48,West Ham,5,4,9,0,7,2,12,4,2,23%,1,0,3,196,122,62%,1.09,,292,868238,2023-04-08T14:00:00+00:00,36,Fulham,FALSE,48,West Ham,TRUE,0,1
868239,63,Leeds,7,4,11,0,8,3,11,2,2,48%,3,0,2,403,305,76%,0.93,4.08,868239,52,Crystal Palace,8,4,16,4,14,2,8,4,2,52%,1,0,7,436,325,75%,3.15,,293,868239,2023-04-09T13:00:00+00:00,63,Leeds,FALSE,52,Crystal Palace,TRUE,1,5
868240,46,Leicester,4,8,14,2,10,4,10,6,3,51%,0,0,6,423,319,75%,0.69,2.84,868240,35,Bournemouth,7,2,19,10,13,6,13,6,2,49%,3,0,4,417,328,79%,2.15,,294,868240,2023-04-08T14:00:00+00:00,46,Leicester,FALSE,35,Bournemouth,TRUE,0,1
868241,40,Liverpool,6,10,21,5,19,2,11,5,2,59%,4,0,3,525,432,82%,3.96,5.37,868241,42,Arsenal,5,2,9,2,6,3,11,4,2,41%,4,0,4,372,285,77%,1.41,,295,868241,2023-04-09T15:30:00+00:00,40,Liverpool,DRAW,42,Arsenal,DRAW,2,2
868242,33,Manchester United,11,10,29,8,20,9,10,10,3,64%,0,0,1,614,535,87%,3.46,4.48,868242,45,Everton,1,6,15,8,9,6,9,4,2,36%,0,0,9,331,236,71%,1.02,,296,868242,2023-04-08T11:30:00+00:00,33,Manchester United,TRUE,45,Everton,FALSE,2,0
868243,41,Southampton,1,2,4,1,3,1,6,0,0,27%,0,0,4,271,204,75%,0.41,3.32,868243,50,Manchester City,8,2,13,3,12,1,10,10,2,73%,2,0,0,732,653,89%,2.91,,297,868243,2023-04-08T16:30:00+00:00,41,Southampton,FALSE,50,Manchester City,TRUE,1,4
868244,47,Tottenham,3,4,9,2,7,2,15,3,2,35%,3,0,3,299,231,77%,0.83,2.26,868244,51,Brighton,4,5,17,8,12,5,15,7,1,65%,1,0,1,557,485,87%,1.43,,298,868244,2023-04-08T14:00:00+00:00,47,Tottenham,TRUE,51,Brighton,FALSE,2,1
868245,39,Wolves,4,3,9,2,6,3,14,8,2,38%,2,0,1,314,234,75%,0.55,1.68,868245,49,Chelsea,1,4,13,8,8,5,10,8,1,62%,5,0,3,530,443,84%,1.13,,299,868245,2023-04-08T14:00:00+00:00,39,Wolves,TRUE,49,Chelsea,FALSE,1,0
868246,66,Aston Villa,6,6,16,4,10,6,13,7,1,52%,1,0,2,395,309,78%,1.93,2.45,868246,34,Newcastle,2,3,8,3,6,2,15,2,4,48%,1,0,3,362,283,78%,0.52,,300,868246,2023-04-15T11:30:00+00:00,66,Aston Villa,TRUE,34,Newcastle,FALSE,3,0
868247,49,Chelsea,2,5,8,1,4,4,11,2,1,43%,2,0,9,405,330,81%,0.54,3.48,868247,51,Brighton,10,10,26,6,17,9,11,8,1,57%,2,0,1,555,475,86%,2.94,,301,868247,2023-04-15T14:00:00+00:00,49,Chelsea,FALSE,51,Brighton,TRUE,1,2
868248,45,Everton,7,6,15,2,8,7,10,4,1,47%,3,0,4,408,302,74%,1.4,3.22,868248,36,Fulham,7,9,21,5,11,10,6,7,0,53%,2,0,6,467,351,75%,1.82,,302,868248,2023-04-15T14:00:00+00:00,45,Everton,FALSE,36,Fulham,TRUE,1,3
868249,63,Leeds,3,7,13,3,7,6,6,4,1,26%,0,0,1,296,204,69%,1.38,4.11,868249,40,Liverpool,7,4,13,2,11,2,12,2,2,74%,1,0,2,869,774,89%,2.73,,303,868249,2023-04-17T19:00:00+00:00,63,Leeds,FALSE,40,Liverpool,TRUE,1,6
868250,50,Manchester City,4,5,12,3,7,5,8,6,0,71%,1,0,3,754,695,92%,2.06,4.42,868250,46,Leicester,4,4,11,3,8,3,8,2,3,29%,1,0,1,317,254,80%,2.36,,304,868250,2023-04-15T16:30:00+00:00,50,Manchester City,TRUE,46,Leicester,FALSE,3,1
868251,65,Nottingham Forest,2,4,6,2,4,2,9,4,1,32%,2,0,5,281,183,65%,0.73,4.21,868251,33,Manchester United,8,9,22,5,16,6,9,9,3,68%,2,0,0,608,504,83%,3.48,,305,868251,2023-04-16T15:30:00+00:00,65,Nottingham Forest,FALSE,33,Manchester United,TRUE,0,2
868252,41,Southampton,4,4,11,3,7,4,6,6,3,58%,3,0,0,499,420,84%,0.78,1.65,868252,52,Crystal Palace,2,4,10,4,4,6,13,2,1,42%,1,0,4,362,274,76%,0.87,,306,868252,2023-04-15T14:00:00+00:00,41,Southampton,FALSE,52,Crystal Palace,TRUE,0,2
868253,47,Tottenham,8,8,24,8,15,9,8,8,1,57%,1,0,3,485,395,81%,2.23,3.54,868253,35,Bournemouth,6,2,9,1,6,3,9,1,1,43%,2,0,6,379,289,76%,1.31,,307,868253,2023-04-15T14:15:00+00:00,47,Tottenham,FALSE,35,Bournemouth,TRUE,2,3
868254,48,West Ham,3,6,16,7,13,3,11,7,4,29%,1,0,3,226,156,69%,1.81,4.56,868254,42,Arsenal,5,4,11,2,10,1,8,2,1,71%,2,0,1,601,523,87%,2.75,,308,868254,2023-04-16T13:00:00+00:00,48,West Ham,DRAW,42,Arsenal,DRAW,2,2
868255,39,Wolves,9,2,11,2,6,5,12,5,0,51%,1,0,3,453,360,79%,0.76,1.93,868255,55,Brentford,3,3,10,4,8,2,8,2,1,49%,1,0,7,436,352,81%,1.17,,309,868255,2023-04-15T14:00:00+00:00,39,Wolves,TRUE,55,Brentford,FALSE,2,0
868256,35,Bournemouth,5,7,17,5,10,7,7,8,0,65%,1,0,6,643,560,87%,1.52,3.95,868256,48,West Ham,10,4,18,4,10,8,8,5,3,35%,2,0,5,358,278,78%,2.43,,310,868256,2023-04-23T13:00:00+00:00,35,Bournemouth,FALSE,48,West Ham,TRUE,0,4
868257,42,Arsenal,6,11,25,8,18,7,10,7,1,74%,1,0,3,670,577,86%,2.59,3.92,868257,41,Southampton,6,1,8,1,6,2,14,2,2,26%,5,0,2,237,153,65%,1.33,,311,868257,2023-04-21T19:00:00+00:00,42,Arsenal,DRAW,41,Southampton,DRAW,3,3
868258,55,Brentford,5,6,16,5,10,6,12,8,6,43%,3,0,1,308,210,68%,2.74,4.48,868258,66,Aston Villa,2,11,14,1,8,6,8,4,3,57%,2,0,4,422,333,79%,1.74,,312,868258,2023-04-22T14:00:00+00:00,55,Brentford,DRAW,66,Aston Villa,DRAW,1,1
868259,51,Brighton,7,6,20,7,12,8,16,5,2,40%,2,0,3,386,325,84%,2.37,4.19,868259,50,Manchester City,4,6,13,3,11,2,11,1,0,60%,1,0,6,607,540,89%,1.82,,313,868259,2023-05-24T19:00:00+00:00,51,Brighton,DRAW,50,Manchester City,DRAW,1,1
868260,52,Crystal Palace,2,5,12,5,7,5,12,8,1,57%,1,0,5,414,309,75%,0.51,0.9,868260,45,Everton,5,3,10,2,4,6,14,1,3,43%,3,1,2,318,214,67%,0.39,,314,868260,2023-04-22T14:00:00+00:00,52,Crystal Palace,DRAW,45,Everton,DRAW,0,0
868261,36,Fulham,5,3,12,4,4,8,10,8,5,49%,1,0,2,375,281,75%,1.68,2.57,868261,63,Leeds,2,4,10,4,6,4,15,6,2,51%,4,0,3,392,284,72%,0.89,,315,868261,2023-04-22T11:30:00+00:00,36,Fulham,TRUE,63,Leeds,FALSE,2,1
868262,46,Leicester,8,4,15,3,10,5,17,1,1,42%,1,0,2,364,270,74%,2.43,3.33,868262,39,Wolves,3,7,16,6,6,10,16,7,3,58%,3,0,5,497,406,82%,0.9,,316,868262,2023-04-22T14:00:00+00:00,46,Leicester,TRUE,39,Wolves,FALSE,2,1
868263,40,Liverpool,6,7,18,5,16,2,9,9,2,81%,0,0,3,650,570,88%,2.84,3.69,868263,65,Nottingham Forest,5,5,11,1,7,4,12,3,3,19%,1,0,2,148,78,53%,0.85,,317,868263,2023-04-22T14:00:00+00:00,40,Liverpool,TRUE,65,Nottingham Forest,FALSE,3,2
868264,33,Manchester United,9,4,18,5,13,5,12,3,0,41%,1,0,4,438,368,84%,5.21,7.15,868264,49,Chelsea,5,5,14,4,7,7,6,4,0,59%,1,0,5,617,558,90%,1.94,,318,868264,2023-05-25T19:00:00+00:00,33,Manchester United,TRUE,49,Chelsea,FALSE,4,1
868265,34,Newcastle,8,5,25,12,19,6,7,9,2,57%,0,0,2,516,446,86%,3.85,4.88,868265,47,Tottenham,3,5,11,3,8,3,13,3,0,43%,3,0,2,401,317,79%,1.03,,319,868265,2023-04-23T13:00:00+00:00,34,Newcastle,TRUE,47,Tottenham,FALSE,6,1
868266,45,Everton,5,5,13,3,6,7,8,3,3,40%,2,0,3,300,196,65%,0.87,3.3,868266,34,Newcastle,8,3,15,4,10,5,6,14,1,60%,1,0,4,452,338,75%,2.43,,320,868266,2023-04-27T18:45:00+00:00,45,Everton,FALSE,34,Newcastle,TRUE,1,4
868267,63,Leeds,3,6,13,4,9,4,14,3,4,41%,4,0,2,307,197,64%,1.68,3.87,868267,46,Leicester,3,6,15,6,12,3,15,6,6,59%,2,0,2,445,325,73%,2.19,,321,868267,2023-04-25T19:00:00+00:00,63,Leeds,DRAW,46,Leicester,DRAW,1,1
868268,65,Nottingham Forest,5,5,12,2,10,2,7,2,1,25%,2,0,6,232,155,67%,2.43,4.77,868268,51,Brighton,7,6,17,4,11,6,8,7,2,75%,0,0,3,719,622,87%,2.34,,322,868268,2023-04-26T18:30:00+00:00,65,Nottingham Forest,TRUE,51,Brighton,FALSE,3,1
868269,47,Tottenham,7,7,18,4,12,6,8,6,2,40%,1,0,5,387,315,81%,2.48,4.51,868269,33,Manchester United,8,5,17,4,11,6,7,8,3,60%,2,0,5,600,518,86%,2.03,,323,868269,2023-04-27T19:15:00+00:00,47,Tottenham,DRAW,33,Manchester United,DRAW,2,2
868270,48,West Ham,2,4,7,1,5,2,6,3,1,27%,0,0,2,311,217,70%,0.8,2.91,868270,40,Liverpool,4,9,20,7,14,6,8,6,1,73%,0,0,1,850,743,87%,2.11,,324,868270,2023-04-26T18:45:00+00:00,48,West Ham,FALSE,40,Liverpool,TRUE,1,2
868271,39,Wolves,3,4,9,2,6,3,13,6,2,41%,5,0,4,320,236,74%,1.36,2.13,868271,52,Crystal Palace,4,4,14,6,8,6,14,11,1,59%,4,0,2,446,364,82%,0.77,,325,868271,2023-04-25T18:30:00+00:00,39,Wolves,TRUE,52,Crystal Palace,FALSE,2,0
868272,66,Aston Villa,3,4,14,7,8,6,6,8,0,52%,3,0,0,436,365,84%,1.02,1.12,868272,36,Fulham,0,1,1,0,1,0,18,2,5,48%,2,0,2,401,326,81%,0.1,,326,868272,2023-04-25T18:45:00+00:00,66,Aston Villa,TRUE,36,Fulham,FALSE,1,0
868273,49,Chelsea,4,8,15,3,10,5,5,5,0,73%,1,0,0,696,614,88%,1.27,2.42,868273,55,Brentford,1,5,7,1,7,0,13,2,2,27%,2,0,4,263,173,66%,1.15,,327,868273,2023-04-26T18:45:00+00:00,49,Chelsea,FALSE,55,Brentford,TRUE,0,2
868274,41,Southampton,2,6,11,3,5,6,9,6,4,57%,0,0,1,501,411,82%,0.5,1.45,868274,35,Bournemouth,2,4,16,10,11,5,11,4,2,43%,3,0,2,389,306,79%,0.95,,328,868274,2023-04-27T18:45:00+00:00,41,Southampton,FALSE,35,Bournemouth,TRUE,0,1
868275,50,Manchester City,9,3,14,2,11,3,13,1,0,52%,3,0,1,495,421,85%,2.53,3.01,868275,42,Arsenal,2,3,8,3,4,4,13,3,1,48%,1,0,5,457,387,85%,0.48,,329,868275,2023-04-26T19:00:00+00:00,50,Manchester City,TRUE,42,Arsenal,FALSE,4,1
868276,35,Bournemouth,7,2,12,3,11,1,12,2,2,42%,1,0,5,371,271,73%,1.96,3.63,868276,63,Leeds,6,7,15,2,10,5,14,5,1,58%,0,0,3,500,402,80%,1.67,,330,868276,2023-04-30T13:00:00+00:00,35,Bournemouth,TRUE,63,Leeds,FALSE,4,1
868277,42,Arsenal,10,3,16,3,13,3,10,7,1,55%,0,0,3,543,470,87%,1.75,2.51,868277,49,Chelsea,4,1,7,2,5,2,10,2,0,45%,2,0,6,455,383,84%,0.76,,331,868277,2023-05-02T19:00:00+00:00,42,Arsenal,TRUE,49,Chelsea,FALSE,3,1
868278,55,Brentford,8,3,14,3,9,5,6,6,1,69%,1,0,2,550,466,85%,1.62,2.34,868278,65,Nottingham Forest,3,1,5,1,3,2,13,0,1,31%,2,0,6,255,174,68%,0.72,,332,868278,2023-04-29T14:00:00+00:00,55,Brentford,TRUE,65,Nottingham Forest,FALSE,2,1
868279,51,Brighton,8,7,22,7,15,7,14,2,2,57%,1,0,2,527,465,88%,3.34,4.09,868279,39,Wolves,2,5,10,3,6,4,11,5,0,43%,1,0,2,381,310,81%,0.75,,333,868279,2023-04-29T14:00:00+00:00,51,Brighton,TRUE,39,Wolves,FALSE,6,0
868280,52,Crystal Palace,6,4,16,6,10,6,9,8,1,60%,1,0,1,498,392,79%,2.13,3.99,868280,48,West Ham,4,3,8,1,5,3,17,5,1,40%,2,0,2,334,219,66%,1.86,,334,868280,2023-04-29T11:30:00+00:00,52,Crystal Palace,TRUE,48,West Ham,FALSE,4,3
868281,36,Fulham,1,1,4,2,1,3,9,2,3,37%,1,0,7,373,303,81%,0.19,2.67,868281,50,Manchester City,9,3,12,0,11,1,10,5,1,63%,3,0,0,645,560,87%,2.48,,335,868281,2023-04-30T13:00:00+00:00,36,Fulham,FALSE,50,Manchester City,TRUE,1,2
868282,46,Leicester,6,4,15,5,9,6,10,2,6,55%,4,0,6,452,335,74%,3.46,6.55,868282,45,Everton,8,9,23,6,18,5,12,9,3,45%,1,0,3,340,246,72%,3.09,,336,868282,2023-05-01T19:00:00+00:00,46,Leicester,DRAW,45,Everton,DRAW,2,2
868283,40,Liverpool,4,4,12,4,10,2,12,4,0,68%,3,0,3,724,639,88%,2.2,4.23,868283,47,Tottenham,7,3,10,0,7,3,6,2,5,32%,2,0,0,339,250,74%,2.03,,337,868283,2023-04-30T15:30:00+00:00,40,Liverpool,TRUE,47,Tottenham,FALSE,4,3
868284,33,Manchester United,6,6,14,2,8,6,16,1,7,57%,2,0,1,512,436,85%,1.25,1.81,868284,66,Aston Villa,1,2,7,4,5,2,7,4,3,43%,0,0,5,369,289,78%,0.56,,338,868284,2023-04-30T13:00:00+00:00,33,Manchester United,TRUE,66,Aston Villa,FALSE,1,0
868285,34,Newcastle,5,9,22,8,18,4,7,11,1,63%,1,0,2,498,408,82%,4.38,5.21,868285,41,Southampton,3,1,4,0,3,1,10,2,2,37%,4,0,3,298,208,70%,0.83,,339,868285,2023-04-30T13:00:00+00:00,34,Newcastle,TRUE,41,Southampton,FALSE,3,1
868286,35,Bournemouth,4,4,10,2,7,3,9,7,1,34%,1,0,2,305,230,75%,1.29,2.64,868286,49,Chelsea,5,5,11,1,6,5,11,7,0,66%,3,0,3,600,529,88%,1.35,,340,868286,2023-05-06T14:00:00+00:00,35,Bournemouth,FALSE,49,Chelsea,TRUE,1,3
868287,51,Brighton,5,9,23,9,18,5,11,15,1,78%,1,0,1,741,657,89%,3.26,5.54,868287,45,Everton,5,1,10,4,9,1,13,1,1,22%,5,0,4,221,144,65%,2.28,,341,868287,2023-05-08T16:30:00+00:00,51,Brighton,FALSE,45,Everton,TRUE,1,5
868288,36,Fulham,7,5,17,5,10,7,13,2,1,57%,0,0,6,511,419,82%,1.64,4.48,868288,46,Leicester,9,4,18,5,9,9,15,7,4,43%,3,0,2,380,292,77%,2.84,,342,868288,2023-05-08T14:00:00+00:00,36,Fulham,TRUE,46,Leicester,FALSE,5,3
868289,40,Liverpool,5,6,15,4,8,7,19,7,1,54%,4,0,2,378,308,81%,2.24,2.44,868289,55,Brentford,1,3,5,1,3,2,10,3,2,46%,2,0,4,326,244,75%,0.2,,343,868289,2023-05-06T16:30:00+00:00,40,Liverpool,TRUE,55,Brentford,FALSE,1,0
868290,50,Manchester City,6,10,18,2,9,9,3,10,4,81%,0,0,1,873,795,91%,2.57,2.8,868290,63,Leeds,2,1,4,1,4,0,16,1,3,19%,3,0,4,201,120,60%,0.23,,344,868290,2023-05-06T14:00:00+00:00,50,Manchester City,TRUE,63,Leeds,FALSE,2,1
868291,34,Newcastle,5,4,12,3,9,3,16,9,0,54%,2,0,5,395,315,80%,1.32,2.59,868291,42,Arsenal,6,2,10,2,8,2,12,4,1,46%,1,0,5,346,274,79%,1.27,,345,868291,2023-05-07T15:30:00+00:00,34,Newcastle,FALSE,42,Arsenal,TRUE,0,2
868292,65,Nottingham Forest,4,3,9,2,8,1,16,2,3,36%,1,0,2,306,213,70%,1.8,5.04,868292,41,Southampton,5,9,19,5,15,4,10,11,1,64%,0,0,0,537,448,83%,3.24,,346,868292,2023-05-08T19:00:00+00:00,65,Nottingham Forest,TRUE,41,Southampton,FALSE,4,3
868293,47,Tottenham,3,3,8,2,7,1,15,8,1,58%,3,0,2,514,432,84%,0.88,1.24,868293,52,Crystal Palace,2,3,7,2,6,1,14,4,0,42%,5,0,2,378,285,75%,0.36,,347,868293,2023-05-06T14:00:00+00:00,47,Tottenham,TRUE,52,Crystal Palace,FALSE,1,0
868294,48,West Ham,4,5,15,6,10,5,4,6,1,35%,0,0,4,345,263,76%,1.3,2.48,868294,33,Manchester United,4,12,19,3,11,8,9,6,1,65%,2,0,3,680,588,86%,1.18,,348,868294,2023-05-07T18:00:00+00:00,48,West Ham,TRUE,33,Manchester United,FALSE,1,0
868295,39,Wolves,2,2,6,2,4,2,20,5,3,38%,3,0,3,264,194,73%,0.76,2.24,868295,66,Aston Villa,3,6,16,7,12,4,9,6,2,62%,3,0,1,432,371,86%,1.48,,349,868295,2023-05-06T14:00:00+00:00,39,Wolves,TRUE,66,Aston Villa,FALSE,1,0
868296,42,Arsenal,2,8,14,4,11,3,13,5,1,41%,1,0,3,360,276,77%,0.92,2.64,868296,51,Brighton,6,5,12,1,7,5,17,2,4,59%,2,0,2,535,446,83%,1.72,,350,868296,2023-05-14T15:30:00+00:00,42,Arsenal,FALSE,51,Brighton,TRUE,0,3
868297,66,Aston Villa,4,4,8,0,6,2,9,8,2,49%,3,0,1,412,350,85%,1.18,2.55,868297,47,Tottenham,2,2,5,1,4,1,14,3,9,51%,3,0,2,435,371,85%,1.37,,351,868297,2023-05-13T14:00:00+00:00,66,Aston Villa,TRUE,47,Tottenham,FALSE,2,1
868298,55,Brentford,10,9,24,5,18,6,5,7,3,53%,1,0,4,506,411,81%,3.7,3.93,868298,48,West Ham,4,0,4,0,3,1,5,5,3,47%,0,0,7,447,353,79%,0.23,,352,868298,2023-05-14T13:00:00+00:00,55,Brentford,TRUE,48,West Ham,FALSE,2,0
868299,49,Chelsea,6,3,14,5,8,6,13,2,1,76%,3,0,0,708,631,89%,1.17,2.47,868299,65,Nottingham Forest,2,7,11,2,10,1,15,5,2,24%,1,0,4,217,132,61%,1.3,,353,868299,2023-05-13T14:00:00+00:00,49,Chelsea,DRAW,65,Nottingham Forest,DRAW,2,2
868300,52,Crystal Palace,5,7,17,5,12,5,5,11,2,60%,0,0,0,604,517,86%,1.55,1.86,868300,35,Bournemouth,4,1,5,4,3,2,12,2,1,40%,2,0,3,410,330,80%,0.31,,354,868300,2023-05-13T14:00:00+00:00,52,Crystal Palace,TRUE,35,Bournemouth,FALSE,2,0
868301,45,Everton,3,3,7,1,6,1,12,8,1,37%,1,0,1,381,324,85%,1.78,2.54,868301,50,Manchester City,4,3,9,2,3,6,4,6,0,63%,0,0,2,670,610,91%,0.76,,355,868301,2023-05-14T13:00:00+00:00,45,Everton,FALSE,50,Manchester City,TRUE,0,3
868302,63,Leeds,4,3,9,2,8,1,16,2,0,36%,4,1,3,253,163,64%,2.06,4.48,868302,34,Newcastle,5,7,18,6,12,6,14,6,2,64%,2,0,2,452,365,81%,2.42,,356,868302,2023-05-13T11:30:00+00:00,63,Leeds,DRAW,34,Newcastle,DRAW,2,2
868303,46,Leicester,4,0,4,0,3,1,11,4,3,33%,2,0,2,331,230,69%,0.41,2.56,868303,40,Liverpool,5,6,16,5,12,4,17,4,4,67%,1,0,4,675,576,85%,2.15,,357,868303,2023-05-15T19:00:00+00:00,46,Leicester,FALSE,40,Liverpool,TRUE,0,3
868304,33,Manchester United,9,11,27,7,13,14,9,11,0,48%,3,0,0,439,359,82%,3.2,3.53,868304,39,Wolves,0,5,5,0,5,0,9,7,1,52%,2,0,8,469,377,80%,0.33,,358,868304,2023-05-13T14:00:00+00:00,33,Manchester United,TRUE,39,Wolves,FALSE,2,0
868305,41,Southampton,1,2,5,2,1,4,17,1,4,36%,2,0,1,349,272,78%,0.35,1.75,868305,36,Fulham,4,1,9,4,5,4,12,8,1,64%,0,0,1,626,548,88%,1.4,,359,868305,2023-05-13T14:00:00+00:00,41,Southampton,FALSE,36,Fulham,TRUE,0,2
868306,35,Bournemouth,4,3,10,3,8,2,6,3,0,42%,1,0,4,453,387,85%,1.01,2.42,868306,33,Manchester United,5,8,20,7,10,10,7,6,2,58%,0,0,4,655,561,86%,1.41,,360,868306,2023-05-20T14:00:00+00:00,35,Bournemouth,FALSE,33,Manchester United,TRUE,0,1
868307,51,Brighton,8,11,26,7,18,8,8,4,1,63%,2,0,0,627,575,92%,2.53,3.13,868307,41,Southampton,1,3,5,1,4,1,9,3,1,37%,5,0,5,368,293,80%,0.6,,361,868307,2023-05-21T13:00:00+00:00,51,Brighton,TRUE,41,Southampton,FALSE,3,1
868308,36,Fulham,4,3,11,4,8,3,13,7,2,50%,3,0,3,352,265,75%,1.67,3.22,868308,52,Crystal Palace,5,3,11,3,7,4,12,4,2,50%,0,0,2,371,291,78%,1.55,,362,868308,2023-05-20T14:00:00+00:00,36,Fulham,DRAW,52,Crystal Palace,DRAW,2,2
868309,40,Liverpool,5,1,10,4,7,3,16,9,4,66%,3,0,2,510,430,84%,0.75,2.1,868309,66,Aston Villa,3,2,6,1,4,2,13,3,1,34%,5,0,4,267,178,67%,1.35,,363,868309,2023-05-20T14:00:00+00:00,40,Liverpool,DRAW,66,Aston Villa,DRAW,1,1
868310,50,Manchester City,2,7,15,6,10,5,12,5,2,65%,0,0,6,692,633,91%,1.19,2.44,868310,49,Chelsea,6,4,13,3,9,4,9,2,2,35%,2,0,1,380,330,87%,1.25,,364,868310,2023-05-21T15:00:00+00:00,50,Manchester City,TRUE,49,Chelsea,FALSE,1,0
868311,34,Newcastle,4,13,23,6,15,8,9,12,1,78%,2,0,1,702,628,89%,2.19,2.28,868311,46,Leicester,1,0,1,0,1,0,5,1,0,22%,0,0,3,209,123,59%,0.09,,365,868311,2023-05-22T19:00:00+00:00,34,Newcastle,DRAW,46,Leicester,DRAW,0,0
868312,65,Nottingham Forest,2,3,6,1,5,1,11,3,1,18%,3,0,3,161,80,50%,0.55,1.19,868312,42,Arsenal,3,7,11,1,7,4,12,6,1,82%,2,0,1,724,644,89%,0.64,,366,868312,2023-05-20T16:30:00+00:00,65,Nottingham Forest,TRUE,42,Arsenal,FALSE,1,0
868313,47,Tottenham,8,6,22,8,15,7,11,8,1,62%,1,0,1,581,501,86%,1.83,3.12,868313,55,Brentford,4,6,11,1,8,3,9,2,1,38%,1,0,6,364,283,78%,1.29,,367,868313,2023-05-20T11:30:00+00:00,47,Tottenham,FALSE,55,Brentford,TRUE,1,3
868314,48,West Ham,9,4,19,6,14,5,6,9,1,59%,1,0,2,518,419,81%,2.15,3.05,868314,63,Leeds,3,6,12,3,9,3,11,5,1,41%,3,0,6,350,255,73%,0.9,,368,868314,2023-05-21T12:30:00+00:00,48,West Ham,TRUE,63,Leeds,FALSE,3,1
868315,39,Wolves,5,6,13,2,10,3,18,1,1,53%,5,0,3,451,355,79%,1.57,3.56,868315,45,Everton,4,9,19,6,10,9,10,7,0,47%,1,0,4,382,290,76%,1.99,,369,868315,2023-05-20T14:00:00+00:00,39,Wolves,DRAW,45,Everton,DRAW,1,1
868316,42,Arsenal,8,4,14,2,11,3,8,8,1,51%,0,0,0,456,406,89%,2.81,3.26,868316,39,Wolves,2,4,6,2,4,2,11,4,0,49%,0,0,3,432,380,88%,0.45,,370,868316,2023-05-28T15:30:00+00:00,42,Arsenal,TRUE,39,Wolves,FALSE,5,0
868317,66,Aston Villa,5,5,12,2,7,5,15,3,0,40%,4,0,3,283,213,75%,2.85,4.2,868317,51,Brighton,4,3,8,1,5,3,16,3,6,60%,4,0,3,427,357,84%,1.35,,371,868317,2023-05-28T15:30:00+00:00,66,Aston Villa,TRUE,51,Brighton,FALSE,2,1
868318,55,Brentford,4,4,11,3,9,2,12,3,3,34%,4,0,2,323,256,79%,1.27,3.19,868318,50,Manchester City,3,6,17,8,11,6,8,4,0,66%,0,0,3,635,570,90%,1.92,,372,868318,2023-05-28T15:30:00+00:00,55,Brentford,TRUE,50,Manchester City,FALSE,1,0
868319,49,Chelsea,5,9,22,8,13,9,9,10,2,64%,0,0,3,593,527,89%,2.27,4.02,868319,34,Newcastle,4,5,13,4,8,5,11,3,1,36%,0,0,5,329,274,83%,1.75,,373,868319,2023-05-28T15:30:00+00:00,49,Chelsea,DRAW,34,Newcastle,DRAW,1,1
868320,52,Crystal Palace,3,8,15,4,9,6,9,5,2,66%,0,0,3,538,461,86%,1.47,1.95,868320,65,Nottingham Forest,4,2,7,1,4,3,13,4,2,34%,2,0,2,276,193,70%,0.48,,374,868320,2023-05-28T15:30:00+00:00,52,Crystal Palace,DRAW,65,Nottingham Forest,DRAW,1,1
868321,45,Everton,6,5,13,2,8,5,11,9,0,38%,1,0,1,305,223,73%,1.04,1.51,868321,35,Bournemouth,2,3,7,2,4,3,12,3,1,62%,3,0,5,533,447,84%,0.47,,375,868321,2023-05-28T15:30:00+00:00,45,Everton,TRUE,35,Bournemouth,FALSE,1,0
868322,63,Leeds,2,7,19,10,14,5,8,12,1,52%,3,0,3,441,341,77%,1.5,3.67,868322,47,Tottenham,7,3,11,1,10,1,5,3,1,48%,0,0,1,437,341,78%,2.17,,376,868322,2023-05-28T15:30:00+00:00,63,Leeds,FALSE,47,Tottenham,TRUE,1,4
868323,46,Leicester,4,6,13,3,8,5,8,3,2,48%,1,0,2,541,475,88%,1.42,2.8,868323,48,West Ham,3,9,16,4,12,4,10,5,3,52%,1,0,2,565,501,89%,1.38,,377,868323,2023-05-28T15:30:00+00:00,46,Leicester,TRUE,48,West Ham,FALSE,2,1
868324,33,Manchester United,8,7,21,6,12,9,14,5,1,53%,1,0,2,493,415,84%,2.89,4.69,868324,36,Fulham,3,6,10,1,6,4,10,4,1,47%,2,0,6,426,358,84%,1.8,,378,868324,2023-05-28T15:30:00+00:00,33,Manchester United,TRUE,36,Fulham,FALSE,2,1
868325,41,Southampton,10,5,15,0,9,6,4,2,0,31%,0,0,4,272,201,74%,1.82,5.87,868325,40,Liverpool,8,11,30,11,16,14,10,9,0,69%,2,0,6,604,524,87%,4.05,,379,868325,2023-05-28T15:30:00+00:00,41,Southampton,DRAW,40,Liverpool,DRAW,4,4
